time,country,motor,value
2013,Belgium,Petroleum products,169665
2013,Belgium,Liquefied petroleum gases (LPG),0
2013,Belgium,Diesel,319863
2013,Belgium,Natural Gas,109
2013,Belgium,Electricity,501
2013,Belgium,Alternative Energy,841
2013,Belgium,Petrol (excluding hybrids),164745
2013,Belgium,Hybrid electric-petrol,4920
2013,Belgium,Plug-in hybrid petrol-electric,0
2013,Belgium,Diesel (excluding hybrids),318951
2013,Belgium,Hybrid diesel-electric,912
2013,Belgium,Plug-in hybrid diesel-electric,0
2013,Belgium,Hydrogen and fuel cells,0
2013,Belgium,Bioethanol,0
2013,Belgium,Biodiesel,0
2013,Belgium,Bi-fuel,0
2013,Belgium,Other,231
2013,Denmark,Petroleum products,122644
2013,Denmark,Liquefied petroleum gases (LPG),0
2013,Denmark,Diesel,57435
2013,Denmark,Natural Gas,0
2013,Denmark,Electricity,0
2013,Denmark,Alternative Energy,0
2013,Denmark,Petrol (excluding hybrids),0
2013,Denmark,Hybrid electric-petrol,0
2013,Denmark,Plug-in hybrid petrol-electric,0
2013,Denmark,Diesel (excluding hybrids),0
2013,Denmark,Hybrid diesel-electric,0
2013,Denmark,Plug-in hybrid diesel-electric,0
2013,Denmark,Hydrogen and fuel cells,0
2013,Denmark,Bioethanol,0
2013,Denmark,Biodiesel,0
2013,Denmark,Bi-fuel,0
2013,Denmark,Other,0
2013,Germany,Petroleum products,1502784
2013,Germany,Liquefied petroleum gases (LPG),6257
2013,Germany,Diesel,1403113
2013,Germany,Natural Gas,7835
2013,Germany,Electricity,6051
2013,Germany,Alternative Energy,46534
2013,Germany,Petrol (excluding hybrids),0
2013,Germany,Hybrid electric-petrol,0
2013,Germany,Plug-in hybrid petrol-electric,0
2013,Germany,Diesel (excluding hybrids),0
2013,Germany,Hybrid diesel-electric,0
2013,Germany,Plug-in hybrid diesel-electric,0
2013,Germany,Hydrogen and fuel cells,0
2013,Germany,Bioethanol,0
2013,Germany,Biodiesel,0
2013,Germany,Bi-fuel,0
2013,Germany,Other,26391
2013,Estonia,Petroleum products,12208
2013,Estonia,Liquefied petroleum gases (LPG),1
2013,Estonia,Diesel,7345
2013,Estonia,Natural Gas,6
2013,Estonia,Electricity,130
2013,Estonia,Alternative Energy,137
2013,Estonia,Petrol (excluding hybrids),12017
2013,Estonia,Hybrid electric-petrol,191
2013,Estonia,Plug-in hybrid petrol-electric,0
2013,Estonia,Diesel (excluding hybrids),7341
2013,Estonia,Hybrid diesel-electric,4
2013,Estonia,Plug-in hybrid diesel-electric,0
2013,Estonia,Hydrogen and fuel cells,0
2013,Estonia,Bioethanol,0
2013,Estonia,Biodiesel,0
2013,Estonia,Bi-fuel,0
2013,Estonia,Other,0
2013,Ireland,Petroleum products,0
2013,Ireland,Liquefied petroleum gases (LPG),0
2013,Ireland,Diesel,0
2013,Ireland,Natural Gas,0
2013,Ireland,Electricity,0
2013,Ireland,Alternative Energy,0
2013,Ireland,Petrol (excluding hybrids),0
2013,Ireland,Hybrid electric-petrol,0
2013,Ireland,Plug-in hybrid petrol-electric,0
2013,Ireland,Diesel (excluding hybrids),0
2013,Ireland,Hybrid diesel-electric,0
2013,Ireland,Plug-in hybrid diesel-electric,0
2013,Ireland,Hydrogen and fuel cells,0
2013,Ireland,Bioethanol,0
2013,Ireland,Biodiesel,0
2013,Ireland,Bi-fuel,0
2013,Ireland,Other,0
2013,Spain,Petroleum products,0
2013,Spain,Liquefied petroleum gases (LPG),0
2013,Spain,Diesel,0
2013,Spain,Natural Gas,0
2013,Spain,Electricity,0
2013,Spain,Alternative Energy,0
2013,Spain,Petrol (excluding hybrids),0
2013,Spain,Hybrid electric-petrol,0
2013,Spain,Plug-in hybrid petrol-electric,0
2013,Spain,Diesel (excluding hybrids),0
2013,Spain,Hybrid diesel-electric,0
2013,Spain,Plug-in hybrid diesel-electric,0
2013,Spain,Hydrogen and fuel cells,0
2013,Spain,Bioethanol,0
2013,Spain,Biodiesel,0
2013,Spain,Bi-fuel,0
2013,Spain,Other,0
2013,France,Petroleum products,562849
2013,France,Liquefied petroleum gases (LPG),0
2013,France,Diesel,1182129
2013,France,Natural Gas,19
2013,France,Electricity,8781
2013,France,Alternative Energy,11975
2013,France,Petrol (excluding hybrids),530054
2013,France,Hybrid electric-petrol,32194
2013,France,Plug-in hybrid petrol-electric,601
2013,France,Diesel (excluding hybrids),1168194
2013,France,Hybrid diesel-electric,13694
2013,France,Plug-in hybrid diesel-electric,241
2013,France,Hydrogen and fuel cells,1
2013,France,Bioethanol,238
2013,France,Biodiesel,0
2013,France,Bi-fuel,2850
2013,France,Other,86
2013,Croatia,Petroleum products,15245
2013,Croatia,Liquefied petroleum gases (LPG),166
2013,Croatia,Diesel,31046
2013,Croatia,Natural Gas,5
2013,Croatia,Electricity,3
2013,Croatia,Alternative Energy,272
2013,Croatia,Petrol (excluding hybrids),0
2013,Croatia,Hybrid electric-petrol,0
2013,Croatia,Plug-in hybrid petrol-electric,0
2013,Croatia,Diesel (excluding hybrids),0
2013,Croatia,Hybrid diesel-electric,0
2013,Croatia,Plug-in hybrid diesel-electric,0
2013,Croatia,Hydrogen and fuel cells,0
2013,Croatia,Bioethanol,0
2013,Croatia,Biodiesel,0
2013,Croatia,Bi-fuel,0
2013,Croatia,Other,98
2013,Italy,Petroleum products,419045
2013,Italy,Liquefied petroleum gases (LPG),115838
2013,Italy,Diesel,707641
2013,Italy,Natural Gas,67982
2013,Italy,Electricity,0
2013,Italy,Alternative Energy,184648
2013,Italy,Petrol (excluding hybrids),419045
2013,Italy,Hybrid electric-petrol,0
2013,Italy,Plug-in hybrid petrol-electric,0
2013,Italy,Diesel (excluding hybrids),707641
2013,Italy,Hybrid diesel-electric,0
2013,Italy,Plug-in hybrid diesel-electric,0
2013,Italy,Hydrogen and fuel cells,0
2013,Italy,Bioethanol,0
2013,Italy,Biodiesel,0
2013,Italy,Bi-fuel,0
2013,Italy,Other,828
2013,Cyprus,Petroleum products,11758
2013,Cyprus,Liquefied petroleum gases (LPG),0
2013,Cyprus,Diesel,2998
2013,Cyprus,Natural Gas,0
2013,Cyprus,Electricity,15
2013,Cyprus,Alternative Energy,15
2013,Cyprus,Petrol (excluding hybrids),11598
2013,Cyprus,Hybrid electric-petrol,160
2013,Cyprus,Plug-in hybrid petrol-electric,0
2013,Cyprus,Diesel (excluding hybrids),2998
2013,Cyprus,Hybrid diesel-electric,0
2013,Cyprus,Plug-in hybrid diesel-electric,0
2013,Cyprus,Hydrogen and fuel cells,0
2013,Cyprus,Bioethanol,0
2013,Cyprus,Biodiesel,0
2013,Cyprus,Bi-fuel,0
2013,Cyprus,Other,0
2013,Latvia,Petroleum products,14293
2013,Latvia,Liquefied petroleum gases (LPG),0
2013,Latvia,Diesel,41502
2013,Latvia,Natural Gas,0
2013,Latvia,Electricity,0
2013,Latvia,Alternative Energy,11
2013,Latvia,Petrol (excluding hybrids),14923
2013,Latvia,Hybrid electric-petrol,0
2013,Latvia,Plug-in hybrid petrol-electric,0
2013,Latvia,Diesel (excluding hybrids),0
2013,Latvia,Hybrid diesel-electric,0
2013,Latvia,Plug-in hybrid diesel-electric,0
2013,Latvia,Hydrogen and fuel cells,0
2013,Latvia,Bioethanol,0
2013,Latvia,Biodiesel,0
2013,Latvia,Bi-fuel,0
2013,Latvia,Other,0
2013,Lithuania,Petroleum products,44919
2013,Lithuania,Liquefied petroleum gases (LPG),3
2013,Lithuania,Diesel,110402
2013,Lithuania,Natural Gas,4
2013,Lithuania,Electricity,4
2013,Lithuania,Alternative Energy,534
2013,Lithuania,Petrol (excluding hybrids),0
2013,Lithuania,Hybrid electric-petrol,0
2013,Lithuania,Plug-in hybrid petrol-electric,0
2013,Lithuania,Diesel (excluding hybrids),0
2013,Lithuania,Hybrid diesel-electric,0
2013,Lithuania,Plug-in hybrid diesel-electric,0
2013,Lithuania,Hydrogen and fuel cells,0
2013,Lithuania,Bioethanol,0
2013,Lithuania,Biodiesel,0
2013,Lithuania,Bi-fuel,0
2013,Lithuania,Other,523
2013,Hungary,Petroleum products,52677
2013,Hungary,Liquefied petroleum gases (LPG),1
2013,Hungary,Diesel,72343
2013,Hungary,Natural Gas,244
2013,Hungary,Electricity,19
2013,Hungary,Alternative Energy,1917
2013,Hungary,Petrol (excluding hybrids),52677
2013,Hungary,Hybrid electric-petrol,0
2013,Hungary,Plug-in hybrid petrol-electric,0
2013,Hungary,Diesel (excluding hybrids),72343
2013,Hungary,Hybrid diesel-electric,0
2013,Hungary,Plug-in hybrid diesel-electric,0
2013,Hungary,Hydrogen and fuel cells,0
2013,Hungary,Bioethanol,0
2013,Hungary,Biodiesel,0
2013,Hungary,Bi-fuel,796
2013,Hungary,Other,857
2013,Malta,Petroleum products,7800
2013,Malta,Liquefied petroleum gases (LPG),0
2013,Malta,Diesel,5267
2013,Malta,Natural Gas,0
2013,Malta,Electricity,18
2013,Malta,Alternative Energy,27
2013,Malta,Petrol (excluding hybrids),7760
2013,Malta,Hybrid electric-petrol,40
2013,Malta,Plug-in hybrid petrol-electric,0
2013,Malta,Diesel (excluding hybrids),5266
2013,Malta,Hybrid diesel-electric,1
2013,Malta,Plug-in hybrid diesel-electric,0
2013,Malta,Hydrogen and fuel cells,0
2013,Malta,Bioethanol,0
2013,Malta,Biodiesel,0
2013,Malta,Bi-fuel,5
2013,Malta,Other,4
2013,Netherlands,Petroleum products,307912
2013,Netherlands,Liquefied petroleum gases (LPG),2081
2013,Netherlands,Diesel,103557
2013,Netherlands,Natural Gas,530
2013,Netherlands,Electricity,0
2013,Netherlands,Alternative Energy,5248
2013,Netherlands,Petrol (excluding hybrids),0
2013,Netherlands,Hybrid electric-petrol,43326
2013,Netherlands,Plug-in hybrid petrol-electric,0
2013,Netherlands,Diesel (excluding hybrids),103557
2013,Netherlands,Hybrid diesel-electric,0
2013,Netherlands,Plug-in hybrid diesel-electric,0
2013,Netherlands,Hydrogen and fuel cells,1
2013,Netherlands,Bioethanol,0
2013,Netherlands,Biodiesel,0
2013,Netherlands,Bi-fuel,0
2013,Netherlands,Other,2636
2013,Austria,Petroleum products,136689
2013,Austria,Liquefied petroleum gases (LPG),0
2013,Austria,Diesel,181061
2013,Austria,Natural Gas,455
2013,Austria,Electricity,654
2013,Austria,Alternative Energy,1285
2013,Austria,Petrol (excluding hybrids),134276
2013,Austria,Hybrid electric-petrol,2259
2013,Austria,Plug-in hybrid petrol-electric,154
2013,Austria,Diesel (excluding hybrids),180901
2013,Austria,Hybrid diesel-electric,130
2013,Austria,Plug-in hybrid diesel-electric,30
2013,Austria,Hydrogen and fuel cells,0
2013,Austria,Bioethanol,0
2013,Austria,Biodiesel,0
2013,Austria,Bi-fuel,176
2013,Austria,Other,0
2013,Poland,Petroleum products,449741
2013,Poland,Liquefied petroleum gases (LPG),68869
2013,Poland,Diesel,468097
2013,Poland,Natural Gas,266
2013,Poland,Electricity,793
2013,Poland,Alternative Energy,69971
2013,Poland,Petrol (excluding hybrids),0
2013,Poland,Hybrid electric-petrol,0
2013,Poland,Plug-in hybrid petrol-electric,0
2013,Poland,Diesel (excluding hybrids),0
2013,Poland,Hybrid diesel-electric,0
2013,Poland,Plug-in hybrid diesel-electric,0
2013,Poland,Hydrogen and fuel cells,8
2013,Poland,Bioethanol,16
2013,Poland,Biodiesel,0
2013,Poland,Bi-fuel,8
2013,Poland,Other,11
2013,Portugal,Petroleum products,0
2013,Portugal,Liquefied petroleum gases (LPG),0
2013,Portugal,Diesel,0
2013,Portugal,Natural Gas,0
2013,Portugal,Electricity,0
2013,Portugal,Alternative Energy,0
2013,Portugal,Petrol (excluding hybrids),0
2013,Portugal,Hybrid electric-petrol,0
2013,Portugal,Plug-in hybrid petrol-electric,0
2013,Portugal,Diesel (excluding hybrids),0
2013,Portugal,Hybrid diesel-electric,0
2013,Portugal,Plug-in hybrid diesel-electric,0
2013,Portugal,Hydrogen and fuel cells,0
2013,Portugal,Bioethanol,0
2013,Portugal,Biodiesel,0
2013,Portugal,Bi-fuel,0
2013,Portugal,Other,0
2013,Romania,Petroleum products,141921
2013,Romania,Liquefied petroleum gases (LPG),465
2013,Romania,Diesel,136673
2013,Romania,Natural Gas,99
2013,Romania,Electricity,579
2013,Romania,Alternative Energy,1146
2013,Romania,Petrol (excluding hybrids),0
2013,Romania,Hybrid electric-petrol,0
2013,Romania,Plug-in hybrid petrol-electric,0
2013,Romania,Diesel (excluding hybrids),0
2013,Romania,Hybrid diesel-electric,0
2013,Romania,Plug-in hybrid diesel-electric,0
2013,Romania,Hydrogen and fuel cells,0
2013,Romania,Bioethanol,0
2013,Romania,Biodiesel,0
2013,Romania,Bi-fuel,0
2013,Romania,Other,3
2013,Slovenia,Petroleum products,23942
2013,Slovenia,Liquefied petroleum gases (LPG),0
2013,Slovenia,Diesel,28016
2013,Slovenia,Natural Gas,0
2013,Slovenia,Electricity,0
2013,Slovenia,Alternative Energy,10
2013,Slovenia,Petrol (excluding hybrids),0
2013,Slovenia,Hybrid electric-petrol,0
2013,Slovenia,Plug-in hybrid petrol-electric,0
2013,Slovenia,Diesel (excluding hybrids),0
2013,Slovenia,Hybrid diesel-electric,0
2013,Slovenia,Plug-in hybrid diesel-electric,0
2013,Slovenia,Hydrogen and fuel cells,0
2013,Slovenia,Bioethanol,0
2013,Slovenia,Biodiesel,0
2013,Slovenia,Bi-fuel,0
2013,Slovenia,Other,0
2013,Finland,Petroleum products,64194
2013,Finland,Liquefied petroleum gases (LPG),0
2013,Finland,Diesel,38697
2013,Finland,Natural Gas,21
2013,Finland,Electricity,50
2013,Finland,Alternative Energy,2
2013,Finland,Petrol (excluding hybrids),0
2013,Finland,Hybrid electric-petrol,0
2013,Finland,Plug-in hybrid petrol-electric,0
2013,Finland,Diesel (excluding hybrids),0
2013,Finland,Hybrid diesel-electric,0
2013,Finland,Plug-in hybrid diesel-electric,0
2013,Finland,Hydrogen and fuel cells,1
2013,Finland,Bioethanol,402
2013,Finland,Biodiesel,0
2013,Finland,Bi-fuel,83
2013,Finland,Other,2
2013,Sweden,Petroleum products,108067
2013,Sweden,Liquefied petroleum gases (LPG),1
2013,Sweden,Diesel,176485
2013,Sweden,Natural Gas,1325
2013,Sweden,Electricity,452
2013,Sweden,Alternative Energy,7610
2013,Sweden,Petrol (excluding hybrids),102849
2013,Sweden,Hybrid electric-petrol,4699
2013,Sweden,Plug-in hybrid petrol-electric,519
2013,Sweden,Diesel (excluding hybrids),175422
2013,Sweden,Hybrid diesel-electric,473
2013,Sweden,Plug-in hybrid diesel-electric,590
2013,Sweden,Hydrogen and fuel cells,3
2013,Sweden,Bioethanol,1
2013,Sweden,Biodiesel,2
2013,Sweden,Bi-fuel,2545
2013,Sweden,Other,3281
2013,United Kingdom,Petroleum products,0
2013,United Kingdom,Liquefied petroleum gases (LPG),0
2013,United Kingdom,Diesel,0
2013,United Kingdom,Natural Gas,0
2013,United Kingdom,Electricity,0
2013,United Kingdom,Alternative Energy,0
2013,United Kingdom,Petrol (excluding hybrids),0
2013,United Kingdom,Hybrid electric-petrol,0
2013,United Kingdom,Plug-in hybrid petrol-electric,0
2013,United Kingdom,Diesel (excluding hybrids),0
2013,United Kingdom,Hybrid diesel-electric,0
2013,United Kingdom,Plug-in hybrid diesel-electric,0
2013,United Kingdom,Hydrogen and fuel cells,0
2013,United Kingdom,Bioethanol,0
2013,United Kingdom,Biodiesel,0
2013,United Kingdom,Bi-fuel,0
2013,United Kingdom,Other,0
2013,Liechtenstein,Petroleum products,1041
2013,Liechtenstein,Liquefied petroleum gases (LPG),0
2013,Liechtenstein,Diesel,858
2013,Liechtenstein,Natural Gas,4
2013,Liechtenstein,Electricity,14
2013,Liechtenstein,Alternative Energy,21
2013,Liechtenstein,Petrol (excluding hybrids),1000
2013,Liechtenstein,Hybrid electric-petrol,41
2013,Liechtenstein,Plug-in hybrid petrol-electric,0
2013,Liechtenstein,Diesel (excluding hybrids),857
2013,Liechtenstein,Hybrid diesel-electric,1
2013,Liechtenstein,Plug-in hybrid diesel-electric,0
2013,Liechtenstein,Hydrogen and fuel cells,0
2013,Liechtenstein,Bioethanol,0
2013,Liechtenstein,Biodiesel,0
2013,Liechtenstein,Bi-fuel,3
2013,Liechtenstein,Other,0
2013,Norway,Petroleum products,67701
2013,Norway,Liquefied petroleum gases (LPG),0
2013,Norway,Diesel,97464
2013,Norway,Natural Gas,0
2013,Norway,Electricity,9970
2013,Norway,Alternative Energy,10584
2013,Norway,Petrol (excluding hybrids),0
2013,Norway,Hybrid electric-petrol,0
2013,Norway,Plug-in hybrid petrol-electric,0
2013,Norway,Diesel (excluding hybrids),0
2013,Norway,Hybrid diesel-electric,0
2013,Norway,Plug-in hybrid diesel-electric,0
2013,Norway,Hydrogen and fuel cells,0
2013,Norway,Bioethanol,0
2013,Norway,Biodiesel,0
2013,Norway,Bi-fuel,0
2013,Norway,Other,884
2013,Switzerland,Petroleum products,191300
2013,Switzerland,Liquefied petroleum gases (LPG),0
2013,Switzerland,Diesel,116600
2013,Switzerland,Natural Gas,400
2013,Switzerland,Electricity,1400
2013,Switzerland,Alternative Energy,2300
2013,Switzerland,Petrol (excluding hybrids),185100
2013,Switzerland,Hybrid electric-petrol,6200
2013,Switzerland,Plug-in hybrid petrol-electric,0
2013,Switzerland,Diesel (excluding hybrids),115600
2013,Switzerland,Hybrid diesel-electric,1000
2013,Switzerland,Plug-in hybrid diesel-electric,0
2013,Switzerland,Hydrogen and fuel cells,0
2013,Switzerland,Bioethanol,0
2013,Switzerland,Biodiesel,0
2013,Switzerland,Bi-fuel,500
2013,Switzerland,Other,0
2013,North Macedonia,Petroleum products,8868
2013,North Macedonia,Liquefied petroleum gases (LPG),220
2013,North Macedonia,Diesel,22778
2013,North Macedonia,Natural Gas,0
2013,North Macedonia,Electricity,0
2013,North Macedonia,Alternative Energy,220
2013,North Macedonia,Petrol (excluding hybrids),8868
2013,North Macedonia,Hybrid electric-petrol,0
2013,North Macedonia,Plug-in hybrid petrol-electric,0
2013,North Macedonia,Diesel (excluding hybrids),22778
2013,North Macedonia,Hybrid diesel-electric,0
2013,North Macedonia,Plug-in hybrid diesel-electric,0
2013,North Macedonia,Hydrogen and fuel cells,0
2013,North Macedonia,Bioethanol,0
2013,North Macedonia,Biodiesel,0
2013,North Macedonia,Bi-fuel,0
2013,North Macedonia,Other,61
2013,Turkey,Petroleum products,256506
2013,Turkey,Liquefied petroleum gases (LPG),14312
2013,Turkey,Diesel,383904
2013,Turkey,Natural Gas,3
2013,Turkey,Electricity,180
2013,Turkey,Alternative Energy,14495
2013,Turkey,Petrol (excluding hybrids),256479
2013,Turkey,Hybrid electric-petrol,27
2013,Turkey,Plug-in hybrid petrol-electric,0
2013,Turkey,Diesel (excluding hybrids),383904
2013,Turkey,Hybrid diesel-electric,0
2013,Turkey,Plug-in hybrid diesel-electric,0
2013,Turkey,Hydrogen and fuel cells,0
2013,Turkey,Bioethanol,0
2013,Turkey,Biodiesel,0
2013,Turkey,Bi-fuel,0
2013,Turkey,Other,0
2014,Belgium,Petroleum products,181524
2014,Belgium,Liquefied petroleum gases (LPG),0
2014,Belgium,Diesel,303953
2014,Belgium,Natural Gas,263
2014,Belgium,Electricity,1167
2014,Belgium,Alternative Energy,2234
2014,Belgium,Petrol (excluding hybrids),173939
2014,Belgium,Hybrid electric-petrol,7585
2014,Belgium,Plug-in hybrid petrol-electric,0
2014,Belgium,Diesel (excluding hybrids),303212
2014,Belgium,Hybrid diesel-electric,741
2014,Belgium,Plug-in hybrid diesel-electric,0
2014,Belgium,Hydrogen and fuel cells,0
2014,Belgium,Bioethanol,0
2014,Belgium,Biodiesel,0
2014,Belgium,Bi-fuel,0
2014,Belgium,Other,804
2014,Denmark,Petroleum products,127172
2014,Denmark,Liquefied petroleum gases (LPG),0
2014,Denmark,Diesel,59544
2014,Denmark,Natural Gas,0
2014,Denmark,Electricity,0
2014,Denmark,Alternative Energy,0
2014,Denmark,Petrol (excluding hybrids),0
2014,Denmark,Hybrid electric-petrol,0
2014,Denmark,Plug-in hybrid petrol-electric,0
2014,Denmark,Diesel (excluding hybrids),0
2014,Denmark,Hybrid diesel-electric,0
2014,Denmark,Plug-in hybrid diesel-electric,0
2014,Denmark,Hydrogen and fuel cells,0
2014,Denmark,Bioethanol,0
2014,Denmark,Biodiesel,0
2014,Denmark,Bi-fuel,0
2014,Denmark,Other,0
2014,Germany,Petroleum products,1533726
2014,Germany,Liquefied petroleum gases (LPG),6234
2014,Germany,Diesel,1452565
2014,Germany,Natural Gas,8194
2014,Germany,Electricity,8522
2014,Germany,Alternative Energy,50482
2014,Germany,Petrol (excluding hybrids),0
2014,Germany,Hybrid electric-petrol,0
2014,Germany,Plug-in hybrid petrol-electric,0
2014,Germany,Diesel (excluding hybrids),0
2014,Germany,Hybrid diesel-electric,0
2014,Germany,Plug-in hybrid diesel-electric,0
2014,Germany,Hydrogen and fuel cells,0
2014,Germany,Bioethanol,0
2014,Germany,Biodiesel,0
2014,Germany,Bi-fuel,0
2014,Germany,Other,27532
2014,Estonia,Petroleum products,13054
2014,Estonia,Liquefied petroleum gases (LPG),0
2014,Estonia,Diesel,7726
2014,Estonia,Natural Gas,17
2014,Estonia,Electricity,331
2014,Estonia,Alternative Energy,348
2014,Estonia,Petrol (excluding hybrids),12746
2014,Estonia,Hybrid electric-petrol,308
2014,Estonia,Plug-in hybrid petrol-electric,0
2014,Estonia,Diesel (excluding hybrids),7723
2014,Estonia,Hybrid diesel-electric,3
2014,Estonia,Plug-in hybrid diesel-electric,0
2014,Estonia,Hydrogen and fuel cells,0
2014,Estonia,Bioethanol,0
2014,Estonia,Biodiesel,0
2014,Estonia,Bi-fuel,0
2014,Estonia,Other,0
2014,Ireland,Petroleum products,21067
2014,Ireland,Liquefied petroleum gases (LPG),0
2014,Ireland,Diesel,61917
2014,Ireland,Natural Gas,0
2014,Ireland,Electricity,194
2014,Ireland,Alternative Energy,1152
2014,Ireland,Petrol (excluding hybrids),0
2014,Ireland,Hybrid electric-petrol,0
2014,Ireland,Plug-in hybrid petrol-electric,0
2014,Ireland,Diesel (excluding hybrids),0
2014,Ireland,Hybrid diesel-electric,0
2014,Ireland,Plug-in hybrid diesel-electric,0
2014,Ireland,Hydrogen and fuel cells,0
2014,Ireland,Bioethanol,0
2014,Ireland,Biodiesel,0
2014,Ireland,Bi-fuel,0
2014,Ireland,Other,958
2014,Spain,Petroleum products,297176
2014,Spain,Liquefied petroleum gases (LPG),1108
2014,Spain,Diesel,590360
2014,Spain,Natural Gas,127
2014,Spain,Electricity,1181
2014,Spain,Alternative Energy,2589
2014,Spain,Petrol (excluding hybrids),288860
2014,Spain,Hybrid electric-petrol,8070
2014,Spain,Plug-in hybrid petrol-electric,246
2014,Spain,Diesel (excluding hybrids),590198
2014,Spain,Hybrid diesel-electric,139
2014,Spain,Plug-in hybrid diesel-electric,23
2014,Spain,Hydrogen and fuel cells,0
2014,Spain,Bioethanol,0
2014,Spain,Biodiesel,6
2014,Spain,Bi-fuel,0
2014,Spain,Other,167
2014,France,Petroleum products,623201
2014,France,Liquefied petroleum gases (LPG),0
2014,France,Diesel,1129453
2014,France,Natural Gas,27
2014,France,Electricity,10567
2014,France,Alternative Energy,13201
2014,France,Petrol (excluding hybrids),589522
2014,France,Hybrid electric-petrol,31829
2014,France,Plug-in hybrid petrol-electric,1850
2014,France,Diesel (excluding hybrids),1119954
2014,France,Hybrid diesel-electric,9313
2014,France,Plug-in hybrid diesel-electric,186
2014,France,Hydrogen and fuel cells,1
2014,France,Bioethanol,254
2014,France,Biodiesel,0
2014,France,Bi-fuel,2314
2014,France,Other,38
2014,Croatia,Petroleum products,16690
2014,Croatia,Liquefied petroleum gases (LPG),491
2014,Croatia,Diesel,50861
2014,Croatia,Natural Gas,13
2014,Croatia,Electricity,47
2014,Croatia,Alternative Energy,971
2014,Croatia,Petrol (excluding hybrids),0
2014,Croatia,Hybrid electric-petrol,0
2014,Croatia,Plug-in hybrid petrol-electric,0
2014,Croatia,Diesel (excluding hybrids),0
2014,Croatia,Hybrid diesel-electric,0
2014,Croatia,Plug-in hybrid diesel-electric,0
2014,Croatia,Hydrogen and fuel cells,0
2014,Croatia,Bioethanol,0
2014,Croatia,Biodiesel,0
2014,Croatia,Bi-fuel,0
2014,Croatia,Other,420
2014,Italy,Petroleum products,0
2014,Italy,Liquefied petroleum gases (LPG),0
2014,Italy,Diesel,0
2014,Italy,Natural Gas,0
2014,Italy,Electricity,0
2014,Italy,Alternative Energy,0
2014,Italy,Petrol (excluding hybrids),0
2014,Italy,Hybrid electric-petrol,0
2014,Italy,Plug-in hybrid petrol-electric,0
2014,Italy,Diesel (excluding hybrids),0
2014,Italy,Hybrid diesel-electric,0
2014,Italy,Plug-in hybrid diesel-electric,0
2014,Italy,Hydrogen and fuel cells,0
2014,Italy,Bioethanol,0
2014,Italy,Biodiesel,0
2014,Italy,Bi-fuel,0
2014,Italy,Other,0
2014,Cyprus,Petroleum products,12142
2014,Cyprus,Liquefied petroleum gases (LPG),0
2014,Cyprus,Diesel,5782
2014,Cyprus,Natural Gas,0
2014,Cyprus,Electricity,9
2014,Cyprus,Alternative Energy,9
2014,Cyprus,Petrol (excluding hybrids),11839
2014,Cyprus,Hybrid electric-petrol,303
2014,Cyprus,Plug-in hybrid petrol-electric,0
2014,Cyprus,Diesel (excluding hybrids),5782
2014,Cyprus,Hybrid diesel-electric,0
2014,Cyprus,Plug-in hybrid diesel-electric,0
2014,Cyprus,Hydrogen and fuel cells,0
2014,Cyprus,Bioethanol,0
2014,Cyprus,Biodiesel,0
2014,Cyprus,Bi-fuel,0
2014,Cyprus,Other,0
2014,Latvia,Petroleum products,5759
2014,Latvia,Liquefied petroleum gases (LPG),0
2014,Latvia,Diesel,7029
2014,Latvia,Natural Gas,211
2014,Latvia,Electricity,174
2014,Latvia,Alternative Energy,385
2014,Latvia,Petrol (excluding hybrids),5758
2014,Latvia,Hybrid electric-petrol,1
2014,Latvia,Plug-in hybrid petrol-electric,0
2014,Latvia,Diesel (excluding hybrids),7029
2014,Latvia,Hybrid diesel-electric,0
2014,Latvia,Plug-in hybrid diesel-electric,0
2014,Latvia,Hydrogen and fuel cells,0
2014,Latvia,Bioethanol,0
2014,Latvia,Biodiesel,0
2014,Latvia,Bi-fuel,0
2014,Latvia,Other,0
2014,Lithuania,Petroleum products,35029
2014,Lithuania,Liquefied petroleum gases (LPG),21
2014,Lithuania,Diesel,100310
2014,Lithuania,Natural Gas,0
2014,Lithuania,Electricity,46
2014,Lithuania,Alternative Energy,759
2014,Lithuania,Petrol (excluding hybrids),0
2014,Lithuania,Hybrid electric-petrol,0
2014,Lithuania,Plug-in hybrid petrol-electric,0
2014,Lithuania,Diesel (excluding hybrids),0
2014,Lithuania,Hybrid diesel-electric,0
2014,Lithuania,Plug-in hybrid diesel-electric,0
2014,Lithuania,Hydrogen and fuel cells,0
2014,Lithuania,Bioethanol,0
2014,Lithuania,Biodiesel,0
2014,Lithuania,Bi-fuel,0
2014,Lithuania,Other,692
2014,Hungary,Petroleum products,70185
2014,Hungary,Liquefied petroleum gases (LPG),3
2014,Hungary,Diesel,91757
2014,Hungary,Natural Gas,268
2014,Hungary,Electricity,71
2014,Hungary,Alternative Energy,2478
2014,Hungary,Petrol (excluding hybrids),70185
2014,Hungary,Hybrid electric-petrol,0
2014,Hungary,Plug-in hybrid petrol-electric,0
2014,Hungary,Diesel (excluding hybrids),91757
2014,Hungary,Hybrid diesel-electric,0
2014,Hungary,Plug-in hybrid diesel-electric,0
2014,Hungary,Hydrogen and fuel cells,0
2014,Hungary,Bioethanol,0
2014,Hungary,Biodiesel,0
2014,Hungary,Bi-fuel,779
2014,Hungary,Other,1357
2014,Malta,Petroleum products,9614
2014,Malta,Liquefied petroleum gases (LPG),1
2014,Malta,Diesel,5768
2014,Malta,Natural Gas,0
2014,Malta,Electricity,30
2014,Malta,Alternative Energy,94
2014,Malta,Petrol (excluding hybrids),9579
2014,Malta,Hybrid electric-petrol,35
2014,Malta,Plug-in hybrid petrol-electric,0
2014,Malta,Diesel (excluding hybrids),5766
2014,Malta,Hybrid diesel-electric,2
2014,Malta,Plug-in hybrid diesel-electric,0
2014,Malta,Hydrogen and fuel cells,0
2014,Malta,Bioethanol,0
2014,Malta,Biodiesel,0
2014,Malta,Bi-fuel,24
2014,Malta,Other,39
2014,Netherlands,Petroleum products,275420
2014,Netherlands,Liquefied petroleum gases (LPG),998
2014,Netherlands,Diesel,105014
2014,Netherlands,Natural Gas,3223
2014,Netherlands,Electricity,0
2014,Netherlands,Alternative Energy,7135
2014,Netherlands,Petrol (excluding hybrids),0
2014,Netherlands,Hybrid electric-petrol,26727
2014,Netherlands,Plug-in hybrid petrol-electric,0
2014,Netherlands,Diesel (excluding hybrids),0
2014,Netherlands,Hybrid diesel-electric,0
2014,Netherlands,Plug-in hybrid diesel-electric,0
2014,Netherlands,Hydrogen and fuel cells,2
2014,Netherlands,Bioethanol,0
2014,Netherlands,Biodiesel,0
2014,Netherlands,Bi-fuel,0
2014,Netherlands,Other,2912
2014,Austria,Petroleum products,128670
2014,Austria,Liquefied petroleum gases (LPG),0
2014,Austria,Diesel,172574
2014,Austria,Natural Gas,279
2014,Austria,Electricity,1281
2014,Austria,Alternative Energy,2074
2014,Austria,Petrol (excluding hybrids),126503
2014,Austria,Hybrid electric-petrol,1836
2014,Austria,Plug-in hybrid petrol-electric,331
2014,Austria,Diesel (excluding hybrids),172381
2014,Austria,Hybrid diesel-electric,90
2014,Austria,Plug-in hybrid diesel-electric,103
2014,Austria,Hydrogen and fuel cells,3
2014,Austria,Bioethanol,0
2014,Austria,Biodiesel,0
2014,Austria,Bi-fuel,511
2014,Austria,Other,0
2014,Poland,Petroleum products,502339
2014,Poland,Liquefied petroleum gases (LPG),72048
2014,Poland,Diesel,470967
2014,Poland,Natural Gas,302
2014,Poland,Electricity,1909
2014,Poland,Alternative Energy,74292
2014,Poland,Petrol (excluding hybrids),502339
2014,Poland,Hybrid electric-petrol,0
2014,Poland,Plug-in hybrid petrol-electric,0
2014,Poland,Diesel (excluding hybrids),470967
2014,Poland,Hybrid diesel-electric,0
2014,Poland,Plug-in hybrid diesel-electric,0
2014,Poland,Hydrogen and fuel cells,13
2014,Poland,Bioethanol,1
2014,Poland,Biodiesel,0
2014,Poland,Bi-fuel,0
2014,Poland,Other,19
2014,Portugal,Petroleum products,0
2014,Portugal,Liquefied petroleum gases (LPG),0
2014,Portugal,Diesel,0
2014,Portugal,Natural Gas,0
2014,Portugal,Electricity,0
2014,Portugal,Alternative Energy,0
2014,Portugal,Petrol (excluding hybrids),0
2014,Portugal,Hybrid electric-petrol,0
2014,Portugal,Plug-in hybrid petrol-electric,0
2014,Portugal,Diesel (excluding hybrids),0
2014,Portugal,Hybrid diesel-electric,0
2014,Portugal,Plug-in hybrid diesel-electric,0
2014,Portugal,Hydrogen and fuel cells,0
2014,Portugal,Bioethanol,0
2014,Portugal,Biodiesel,0
2014,Portugal,Bi-fuel,0
2014,Portugal,Other,0
2014,Romania,Petroleum products,0
2014,Romania,Liquefied petroleum gases (LPG),0
2014,Romania,Diesel,0
2014,Romania,Natural Gas,0
2014,Romania,Electricity,0
2014,Romania,Alternative Energy,0
2014,Romania,Petrol (excluding hybrids),0
2014,Romania,Hybrid electric-petrol,0
2014,Romania,Plug-in hybrid petrol-electric,0
2014,Romania,Diesel (excluding hybrids),0
2014,Romania,Hybrid diesel-electric,0
2014,Romania,Plug-in hybrid diesel-electric,0
2014,Romania,Hydrogen and fuel cells,0
2014,Romania,Bioethanol,0
2014,Romania,Biodiesel,0
2014,Romania,Bi-fuel,0
2014,Romania,Other,0
2014,Slovenia,Petroleum products,23916
2014,Slovenia,Liquefied petroleum gases (LPG),232
2014,Slovenia,Diesel,29763
2014,Slovenia,Natural Gas,48
2014,Slovenia,Electricity,13
2014,Slovenia,Alternative Energy,407
2014,Slovenia,Petrol (excluding hybrids),0
2014,Slovenia,Hybrid electric-petrol,0
2014,Slovenia,Plug-in hybrid petrol-electric,0
2014,Slovenia,Diesel (excluding hybrids),0
2014,Slovenia,Hybrid diesel-electric,0
2014,Slovenia,Plug-in hybrid diesel-electric,0
2014,Slovenia,Hydrogen and fuel cells,0
2014,Slovenia,Bioethanol,0
2014,Slovenia,Biodiesel,0
2014,Slovenia,Bi-fuel,0
2014,Slovenia,Other,114
2014,Finland,Petroleum products,64181
2014,Finland,Liquefied petroleum gases (LPG),0
2014,Finland,Diesel,41404
2014,Finland,Natural Gas,37
2014,Finland,Electricity,183
2014,Finland,Alternative Energy,650
2014,Finland,Petrol (excluding hybrids),61733
2014,Finland,Hybrid electric-petrol,2236
2014,Finland,Plug-in hybrid petrol-electric,212
2014,Finland,Diesel (excluding hybrids),41278
2014,Finland,Hybrid diesel-electric,75
2014,Finland,Plug-in hybrid diesel-electric,51
2014,Finland,Hydrogen and fuel cells,0
2014,Finland,Bioethanol,344
2014,Finland,Biodiesel,0
2014,Finland,Bi-fuel,86
2014,Finland,Other,0
2014,Sweden,Petroleum products,126019
2014,Sweden,Liquefied petroleum gases (LPG),0
2014,Sweden,Diesel,188998
2014,Sweden,Natural Gas,1602
2014,Sweden,Electricity,1266
2014,Sweden,Alternative Energy,9013
2014,Sweden,Petrol (excluding hybrids),116519
2014,Sweden,Hybrid electric-petrol,6798
2014,Sweden,Plug-in hybrid petrol-electric,2702
2014,Sweden,Diesel (excluding hybrids),188028
2014,Sweden,Hybrid diesel-electric,261
2014,Sweden,Plug-in hybrid diesel-electric,709
2014,Sweden,Hydrogen and fuel cells,0
2014,Sweden,Bioethanol,4
2014,Sweden,Biodiesel,0
2014,Sweden,Bi-fuel,3419
2014,Sweden,Other,2722
2014,United Kingdom,Petroleum products,0
2014,United Kingdom,Liquefied petroleum gases (LPG),0
2014,United Kingdom,Diesel,0
2014,United Kingdom,Natural Gas,0
2014,United Kingdom,Electricity,0
2014,United Kingdom,Alternative Energy,0
2014,United Kingdom,Petrol (excluding hybrids),0
2014,United Kingdom,Hybrid electric-petrol,0
2014,United Kingdom,Plug-in hybrid petrol-electric,0
2014,United Kingdom,Diesel (excluding hybrids),0
2014,United Kingdom,Hybrid diesel-electric,0
2014,United Kingdom,Plug-in hybrid diesel-electric,0
2014,United Kingdom,Hydrogen and fuel cells,0
2014,United Kingdom,Bioethanol,0
2014,United Kingdom,Biodiesel,0
2014,United Kingdom,Bi-fuel,0
2014,United Kingdom,Other,0
2014,Liechtenstein,Petroleum products,979
2014,Liechtenstein,Liquefied petroleum gases (LPG),0
2014,Liechtenstein,Diesel,800
2014,Liechtenstein,Natural Gas,1
2014,Liechtenstein,Electricity,18
2014,Liechtenstein,Alternative Energy,21
2014,Liechtenstein,Petrol (excluding hybrids),944
2014,Liechtenstein,Hybrid electric-petrol,35
2014,Liechtenstein,Plug-in hybrid petrol-electric,0
2014,Liechtenstein,Diesel (excluding hybrids),796
2014,Liechtenstein,Hybrid diesel-electric,4
2014,Liechtenstein,Plug-in hybrid diesel-electric,0
2014,Liechtenstein,Hydrogen and fuel cells,0
2014,Liechtenstein,Bioethanol,0
2014,Liechtenstein,Biodiesel,0
2014,Liechtenstein,Bi-fuel,2
2014,Liechtenstein,Other,0
2014,Norway,Petroleum products,62997
2014,Norway,Liquefied petroleum gases (LPG),0
2014,Norway,Diesel,87738
2014,Norway,Natural Gas,0
2014,Norway,Electricity,21153
2014,Norway,Alternative Energy,21307
2014,Norway,Petrol (excluding hybrids),0
2014,Norway,Hybrid electric-petrol,0
2014,Norway,Plug-in hybrid petrol-electric,0
2014,Norway,Diesel (excluding hybrids),0
2014,Norway,Hybrid diesel-electric,0
2014,Norway,Plug-in hybrid diesel-electric,0
2014,Norway,Hydrogen and fuel cells,0
2014,Norway,Bioethanol,0
2014,Norway,Biodiesel,0
2014,Norway,Bi-fuel,0
2014,Norway,Other,154
2014,Switzerland,Petroleum products,187000
2014,Switzerland,Liquefied petroleum gases (LPG),0
2014,Switzerland,Diesel,113300
2014,Switzerland,Natural Gas,200
2014,Switzerland,Electricity,1900
2014,Switzerland,Alternative Energy,3000
2014,Switzerland,Petrol (excluding hybrids),180900
2014,Switzerland,Hybrid electric-petrol,6200
2014,Switzerland,Plug-in hybrid petrol-electric,0
2014,Switzerland,Diesel (excluding hybrids),112600
2014,Switzerland,Hybrid diesel-electric,700
2014,Switzerland,Plug-in hybrid diesel-electric,0
2014,Switzerland,Hydrogen and fuel cells,0
2014,Switzerland,Bioethanol,0
2014,Switzerland,Biodiesel,0
2014,Switzerland,Bi-fuel,800
2014,Switzerland,Other,100
2014,North Macedonia,Petroleum products,0
2014,North Macedonia,Liquefied petroleum gases (LPG),0
2014,North Macedonia,Diesel,0
2014,North Macedonia,Natural Gas,0
2014,North Macedonia,Electricity,0
2014,North Macedonia,Alternative Energy,0
2014,North Macedonia,Petrol (excluding hybrids),0
2014,North Macedonia,Hybrid electric-petrol,0
2014,North Macedonia,Plug-in hybrid petrol-electric,0
2014,North Macedonia,Diesel (excluding hybrids),0
2014,North Macedonia,Hybrid diesel-electric,0
2014,North Macedonia,Plug-in hybrid diesel-electric,0
2014,North Macedonia,Hydrogen and fuel cells,0
2014,North Macedonia,Bioethanol,0
2014,North Macedonia,Biodiesel,0
2014,North Macedonia,Bi-fuel,0
2014,North Macedonia,Other,0
2014,Turkey,Petroleum products,210168
2014,Turkey,Liquefied petroleum gases (LPG),11339
2014,Turkey,Diesel,364242
2014,Turkey,Natural Gas,2
2014,Turkey,Electricity,63
2014,Turkey,Alternative Energy,11404
2014,Turkey,Petrol (excluding hybrids),210141
2014,Turkey,Hybrid electric-petrol,27
2014,Turkey,Plug-in hybrid petrol-electric,0
2014,Turkey,Diesel (excluding hybrids),364241
2014,Turkey,Hybrid diesel-electric,1
2014,Turkey,Plug-in hybrid diesel-electric,0
2014,Turkey,Hydrogen and fuel cells,0
2014,Turkey,Bioethanol,0
2014,Turkey,Biodiesel,0
2014,Turkey,Bi-fuel,0
2014,Turkey,Other,0
2015,Belgium,Petroleum products,198299
2015,Belgium,Liquefied petroleum gases (LPG),5
2015,Belgium,Diesel,305838
2015,Belgium,Natural Gas,135
2015,Belgium,Electricity,1360
2015,Belgium,Alternative Energy,2147
2015,Belgium,Petrol (excluding hybrids),189947
2015,Belgium,Hybrid electric-petrol,8352
2015,Belgium,Plug-in hybrid petrol-electric,0
2015,Belgium,Diesel (excluding hybrids),303345
2015,Belgium,Hybrid diesel-electric,2493
2015,Belgium,Plug-in hybrid diesel-electric,0
2015,Belgium,Hydrogen and fuel cells,0
2015,Belgium,Bioethanol,1
2015,Belgium,Biodiesel,0
2015,Belgium,Bi-fuel,0
2015,Belgium,Other,646
2015,Denmark,Petroleum products,137698
2015,Denmark,Liquefied petroleum gases (LPG),0
2015,Denmark,Diesel,64203
2015,Denmark,Natural Gas,0
2015,Denmark,Electricity,0
2015,Denmark,Alternative Energy,0
2015,Denmark,Petrol (excluding hybrids),0
2015,Denmark,Hybrid electric-petrol,0
2015,Denmark,Plug-in hybrid petrol-electric,0
2015,Denmark,Diesel (excluding hybrids),0
2015,Denmark,Hybrid diesel-electric,0
2015,Denmark,Plug-in hybrid diesel-electric,0
2015,Denmark,Hydrogen and fuel cells,0
2015,Denmark,Bioethanol,0
2015,Denmark,Biodiesel,0
2015,Denmark,Bi-fuel,0
2015,Denmark,Other,0
2015,Germany,Petroleum products,1611389
2015,Germany,Liquefied petroleum gases (LPG),4716
2015,Germany,Diesel,1538451
2015,Germany,Natural Gas,5285
2015,Germany,Electricity,12363
2015,Germany,Alternative Energy,56202
2015,Germany,Petrol (excluding hybrids),0
2015,Germany,Hybrid electric-petrol,0
2015,Germany,Plug-in hybrid petrol-electric,0
2015,Germany,Diesel (excluding hybrids),0
2015,Germany,Hybrid diesel-electric,0
2015,Germany,Plug-in hybrid diesel-electric,0
2015,Germany,Hydrogen and fuel cells,0
2015,Germany,Bioethanol,0
2015,Germany,Biodiesel,0
2015,Germany,Bi-fuel,0
2015,Germany,Other,33838
2015,Estonia,Petroleum products,14069
2015,Estonia,Liquefied petroleum gases (LPG),0
2015,Estonia,Diesel,6949
2015,Estonia,Natural Gas,16
2015,Estonia,Electricity,30
2015,Estonia,Alternative Energy,46
2015,Estonia,Petrol (excluding hybrids),13718
2015,Estonia,Hybrid electric-petrol,351
2015,Estonia,Plug-in hybrid petrol-electric,0
2015,Estonia,Diesel (excluding hybrids),6949
2015,Estonia,Hybrid diesel-electric,0
2015,Estonia,Plug-in hybrid diesel-electric,0
2015,Estonia,Hydrogen and fuel cells,0
2015,Estonia,Bioethanol,0
2015,Estonia,Biodiesel,0
2015,Estonia,Bi-fuel,0
2015,Estonia,Other,0
2015,Ireland,Petroleum products,35311
2015,Ireland,Liquefied petroleum gases (LPG),0
2015,Ireland,Diesel,92436
2015,Ireland,Natural Gas,0
2015,Ireland,Electricity,494
2015,Ireland,Alternative Energy,2212
2015,Ireland,Petrol (excluding hybrids),0
2015,Ireland,Hybrid electric-petrol,0
2015,Ireland,Plug-in hybrid petrol-electric,0
2015,Ireland,Diesel (excluding hybrids),0
2015,Ireland,Hybrid diesel-electric,0
2015,Ireland,Plug-in hybrid diesel-electric,0
2015,Ireland,Hydrogen and fuel cells,0
2015,Ireland,Bioethanol,0
2015,Ireland,Biodiesel,0
2015,Ireland,Bi-fuel,0
2015,Ireland,Other,1718
2015,Spain,Petroleum products,394777
2015,Spain,Liquefied petroleum gases (LPG),2337
2015,Spain,Diesel,694161
2015,Spain,Natural Gas,165
2015,Spain,Electricity,2634
2015,Spain,Alternative Energy,5179
2015,Spain,Petrol (excluding hybrids),387540
2015,Spain,Hybrid electric-petrol,7179
2015,Spain,Plug-in hybrid petrol-electric,58
2015,Spain,Diesel (excluding hybrids),694123
2015,Spain,Hybrid diesel-electric,29
2015,Spain,Plug-in hybrid diesel-electric,9
2015,Spain,Hydrogen and fuel cells,2
2015,Spain,Bioethanol,0
2015,Spain,Biodiesel,5
2015,Spain,Bi-fuel,0
2015,Spain,Other,36
2015,France,Petroleum products,777645
2015,France,Liquefied petroleum gases (LPG),0
2015,France,Diesel,1089403
2015,France,Natural Gas,46
2015,France,Electricity,17269
2015,France,Alternative Energy,19181
2015,France,Petrol (excluding hybrids),736108
2015,France,Hybrid electric-petrol,35950
2015,France,Plug-in hybrid petrol-electric,5587
2015,France,Diesel (excluding hybrids),1070443
2015,France,Hybrid diesel-electric,18870
2015,France,Plug-in hybrid diesel-electric,90
2015,France,Hydrogen and fuel cells,10
2015,France,Bioethanol,231
2015,France,Biodiesel,0
2015,France,Bi-fuel,1579
2015,France,Other,46
2015,Croatia,Petroleum products,16311
2015,Croatia,Liquefied petroleum gases (LPG),0
2015,Croatia,Diesel,56807
2015,Croatia,Natural Gas,0
2015,Croatia,Electricity,80
2015,Croatia,Alternative Energy,1063
2015,Croatia,Petrol (excluding hybrids),16311
2015,Croatia,Hybrid electric-petrol,0
2015,Croatia,Plug-in hybrid petrol-electric,0
2015,Croatia,Diesel (excluding hybrids),56807
2015,Croatia,Hybrid diesel-electric,0
2015,Croatia,Plug-in hybrid diesel-electric,0
2015,Croatia,Hydrogen and fuel cells,0
2015,Croatia,Bioethanol,0
2015,Croatia,Biodiesel,0
2015,Croatia,Bi-fuel,517
2015,Croatia,Other,466
2015,Italy,Petroleum products,0
2015,Italy,Liquefied petroleum gases (LPG),0
2015,Italy,Diesel,0
2015,Italy,Natural Gas,0
2015,Italy,Electricity,0
2015,Italy,Alternative Energy,185333
2015,Italy,Petrol (excluding hybrids),521450
2015,Italy,Hybrid electric-petrol,0
2015,Italy,Plug-in hybrid petrol-electric,0
2015,Italy,Diesel (excluding hybrids),887074
2015,Italy,Hybrid diesel-electric,0
2015,Italy,Plug-in hybrid diesel-electric,0
2015,Italy,Hydrogen and fuel cells,0
2015,Italy,Bioethanol,0
2015,Italy,Biodiesel,0
2015,Italy,Bi-fuel,0
2015,Italy,Other,1467
2015,Cyprus,Petroleum products,14786
2015,Cyprus,Liquefied petroleum gases (LPG),0
2015,Cyprus,Diesel,6667
2015,Cyprus,Natural Gas,0
2015,Cyprus,Electricity,9
2015,Cyprus,Alternative Energy,9
2015,Cyprus,Petrol (excluding hybrids),14399
2015,Cyprus,Hybrid electric-petrol,387
2015,Cyprus,Plug-in hybrid petrol-electric,0
2015,Cyprus,Diesel (excluding hybrids),6667
2015,Cyprus,Hybrid diesel-electric,0
2015,Cyprus,Plug-in hybrid diesel-electric,0
2015,Cyprus,Hydrogen and fuel cells,0
2015,Cyprus,Bioethanol,0
2015,Cyprus,Biodiesel,0
2015,Cyprus,Bi-fuel,0
2015,Cyprus,Other,0
2015,Latvia,Petroleum products,7211
2015,Latvia,Liquefied petroleum gases (LPG),0
2015,Latvia,Diesel,6923
2015,Latvia,Natural Gas,140
2015,Latvia,Electricity,17
2015,Latvia,Alternative Energy,157
2015,Latvia,Petrol (excluding hybrids),7202
2015,Latvia,Hybrid electric-petrol,9
2015,Latvia,Plug-in hybrid petrol-electric,0
2015,Latvia,Diesel (excluding hybrids),6923
2015,Latvia,Hybrid diesel-electric,0
2015,Latvia,Plug-in hybrid diesel-electric,0
2015,Latvia,Hydrogen and fuel cells,0
2015,Latvia,Bioethanol,0
2015,Latvia,Biodiesel,0
2015,Latvia,Bi-fuel,0
2015,Latvia,Other,0
2015,Lithuania,Petroleum products,33550
2015,Lithuania,Liquefied petroleum gases (LPG),11
2015,Lithuania,Diesel,97813
2015,Lithuania,Natural Gas,0
2015,Lithuania,Electricity,106
2015,Lithuania,Alternative Energy,1036
2015,Lithuania,Petrol (excluding hybrids),32757
2015,Lithuania,Hybrid electric-petrol,0
2015,Lithuania,Plug-in hybrid petrol-electric,793
2015,Lithuania,Diesel (excluding hybrids),0
2015,Lithuania,Hybrid diesel-electric,0
2015,Lithuania,Plug-in hybrid diesel-electric,0
2015,Lithuania,Hydrogen and fuel cells,0
2015,Lithuania,Bioethanol,0
2015,Lithuania,Biodiesel,0
2015,Lithuania,Bi-fuel,0
2015,Lithuania,Other,919
2015,Hungary,Petroleum products,92477
2015,Hungary,Liquefied petroleum gases (LPG),2
2015,Hungary,Diesel,103928
2015,Hungary,Natural Gas,153
2015,Hungary,Electricity,181
2015,Hungary,Alternative Energy,3501
2015,Hungary,Petrol (excluding hybrids),92477
2015,Hungary,Hybrid electric-petrol,0
2015,Hungary,Plug-in hybrid petrol-electric,0
2015,Hungary,Diesel (excluding hybrids),103928
2015,Hungary,Hybrid diesel-electric,0
2015,Hungary,Plug-in hybrid diesel-electric,0
2015,Hungary,Hydrogen and fuel cells,0
2015,Hungary,Bioethanol,0
2015,Hungary,Biodiesel,4
2015,Hungary,Bi-fuel,988
2015,Hungary,Other,2173
2015,Malta,Petroleum products,11395
2015,Malta,Liquefied petroleum gases (LPG),0
2015,Malta,Diesel,5312
2015,Malta,Natural Gas,0
2015,Malta,Electricity,30
2015,Malta,Alternative Energy,96
2015,Malta,Petrol (excluding hybrids),11317
2015,Malta,Hybrid electric-petrol,78
2015,Malta,Plug-in hybrid petrol-electric,0
2015,Malta,Diesel (excluding hybrids),5307
2015,Malta,Hybrid diesel-electric,5
2015,Malta,Plug-in hybrid diesel-electric,0
2015,Malta,Hydrogen and fuel cells,0
2015,Malta,Bioethanol,0
2015,Malta,Biodiesel,0
2015,Malta,Bi-fuel,53
2015,Malta,Other,13
2015,Netherlands,Petroleum products,314898
2015,Netherlands,Liquefied petroleum gases (LPG),362
2015,Netherlands,Diesel,129773
2015,Netherlands,Natural Gas,678
2015,Netherlands,Electricity,0
2015,Netherlands,Alternative Energy,4256
2015,Netherlands,Petrol (excluding hybrids),0
2015,Netherlands,Hybrid electric-petrol,56219
2015,Netherlands,Plug-in hybrid petrol-electric,0
2015,Netherlands,Diesel (excluding hybrids),0
2015,Netherlands,Hybrid diesel-electric,0
2015,Netherlands,Plug-in hybrid diesel-electric,0
2015,Netherlands,Hydrogen and fuel cells,19
2015,Netherlands,Bioethanol,0
2015,Netherlands,Biodiesel,0
2015,Netherlands,Bi-fuel,0
2015,Netherlands,Other,3197
2015,Austria,Petroleum products,125656
2015,Austria,Liquefied petroleum gases (LPG),0
2015,Austria,Diesel,180510
2015,Austria,Natural Gas,167
2015,Austria,Electricity,1677
2015,Austria,Alternative Energy,2389
2015,Austria,Petrol (excluding hybrids),122832
2015,Austria,Hybrid electric-petrol,1893
2015,Austria,Plug-in hybrid petrol-electric,931
2015,Austria,Diesel (excluding hybrids),179822
2015,Austria,Hybrid diesel-electric,518
2015,Austria,Plug-in hybrid diesel-electric,170
2015,Austria,Hydrogen and fuel cells,9
2015,Austria,Bioethanol,0
2015,Austria,Biodiesel,0
2015,Austria,Bi-fuel,536
2015,Austria,Other,0
2015,Poland,Petroleum products,571541
2015,Poland,Liquefied petroleum gases (LPG),89117
2015,Poland,Diesel,481006
2015,Poland,Natural Gas,316
2015,Poland,Electricity,3496
2015,Poland,Alternative Energy,92959
2015,Poland,Petrol (excluding hybrids),571530
2015,Poland,Hybrid electric-petrol,11
2015,Poland,Plug-in hybrid petrol-electric,0
2015,Poland,Diesel (excluding hybrids),481006
2015,Poland,Hybrid diesel-electric,0
2015,Poland,Plug-in hybrid diesel-electric,0
2015,Poland,Hydrogen and fuel cells,8
2015,Poland,Bioethanol,2
2015,Poland,Biodiesel,0
2015,Poland,Bi-fuel,0
2015,Poland,Other,20
2015,Portugal,Petroleum products,0
2015,Portugal,Liquefied petroleum gases (LPG),0
2015,Portugal,Diesel,0
2015,Portugal,Natural Gas,0
2015,Portugal,Electricity,0
2015,Portugal,Alternative Energy,0
2015,Portugal,Petrol (excluding hybrids),0
2015,Portugal,Hybrid electric-petrol,0
2015,Portugal,Plug-in hybrid petrol-electric,0
2015,Portugal,Diesel (excluding hybrids),0
2015,Portugal,Hybrid diesel-electric,0
2015,Portugal,Plug-in hybrid diesel-electric,0
2015,Portugal,Hydrogen and fuel cells,0
2015,Portugal,Bioethanol,0
2015,Portugal,Biodiesel,0
2015,Portugal,Bi-fuel,0
2015,Portugal,Other,0
2015,Romania,Petroleum products,148062
2015,Romania,Liquefied petroleum gases (LPG),0
2015,Romania,Diesel,181809
2015,Romania,Natural Gas,0
2015,Romania,Electricity,0
2015,Romania,Alternative Energy,2352
2015,Romania,Petrol (excluding hybrids),0
2015,Romania,Hybrid electric-petrol,0
2015,Romania,Plug-in hybrid petrol-electric,0
2015,Romania,Diesel (excluding hybrids),0
2015,Romania,Hybrid diesel-electric,0
2015,Romania,Plug-in hybrid diesel-electric,0
2015,Romania,Hydrogen and fuel cells,0
2015,Romania,Bioethanol,0
2015,Romania,Biodiesel,0
2015,Romania,Bi-fuel,0
2015,Romania,Other,0
2015,Slovenia,Petroleum products,29038
2015,Slovenia,Liquefied petroleum gases (LPG),199
2015,Slovenia,Diesel,31031
2015,Slovenia,Natural Gas,40
2015,Slovenia,Electricity,123
2015,Slovenia,Alternative Energy,599
2015,Slovenia,Petrol (excluding hybrids),29038
2015,Slovenia,Hybrid electric-petrol,0
2015,Slovenia,Plug-in hybrid petrol-electric,0
2015,Slovenia,Diesel (excluding hybrids),31031
2015,Slovenia,Hybrid diesel-electric,0
2015,Slovenia,Plug-in hybrid diesel-electric,0
2015,Slovenia,Hydrogen and fuel cells,0
2015,Slovenia,Bioethanol,0
2015,Slovenia,Biodiesel,0
2015,Slovenia,Bi-fuel,0
2015,Slovenia,Other,237
2015,Finland,Petroleum products,69469
2015,Finland,Liquefied petroleum gases (LPG),0
2015,Finland,Diesel,38844
2015,Finland,Natural Gas,18
2015,Finland,Electricity,243
2015,Finland,Alternative Energy,506
2015,Finland,Petrol (excluding hybrids),66252
2015,Finland,Hybrid electric-petrol,2817
2015,Finland,Plug-in hybrid petrol-electric,400
2015,Finland,Diesel (excluding hybrids),38800
2015,Finland,Hybrid diesel-electric,29
2015,Finland,Plug-in hybrid diesel-electric,15
2015,Finland,Hydrogen and fuel cells,0
2015,Finland,Bioethanol,105
2015,Finland,Biodiesel,0
2015,Finland,Bi-fuel,140
2015,Finland,Other,0
2015,Sweden,Petroleum products,145383
2015,Sweden,Liquefied petroleum gases (LPG),0
2015,Sweden,Diesel,207091
2015,Sweden,Natural Gas,886
2015,Sweden,Electricity,2916
2015,Sweden,Alternative Energy,9434
2015,Sweden,Petrol (excluding hybrids),131576
2015,Sweden,Hybrid electric-petrol,8634
2015,Sweden,Plug-in hybrid petrol-electric,5173
2015,Sweden,Diesel (excluding hybrids),206377
2015,Sweden,Hybrid diesel-electric,135
2015,Sweden,Plug-in hybrid diesel-electric,579
2015,Sweden,Hydrogen and fuel cells,1
2015,Sweden,Bioethanol,3
2015,Sweden,Biodiesel,1
2015,Sweden,Bi-fuel,4231
2015,Sweden,Other,1396
2015,United Kingdom,Petroleum products,1334875
2015,United Kingdom,Liquefied petroleum gases (LPG),0
2015,United Kingdom,Diesel,1257152
2015,United Kingdom,Natural Gas,13
2015,United Kingdom,Electricity,10063
2015,United Kingdom,Alternative Energy,10119
2015,United Kingdom,Petrol (excluding hybrids),1276159
2015,United Kingdom,Hybrid electric-petrol,58716
2015,United Kingdom,Plug-in hybrid petrol-electric,0
2015,United Kingdom,Diesel (excluding hybrids),1253393
2015,United Kingdom,Hybrid diesel-electric,3759
2015,United Kingdom,Plug-in hybrid diesel-electric,0
2015,United Kingdom,Hydrogen and fuel cells,0
2015,United Kingdom,Bioethanol,0
2015,United Kingdom,Biodiesel,0
2015,United Kingdom,Bi-fuel,33
2015,United Kingdom,Other,10
2015,Liechtenstein,Petroleum products,1072
2015,Liechtenstein,Liquefied petroleum gases (LPG),0
2015,Liechtenstein,Diesel,937
2015,Liechtenstein,Natural Gas,5
2015,Liechtenstein,Electricity,30
2015,Liechtenstein,Alternative Energy,40
2015,Liechtenstein,Petrol (excluding hybrids),1017
2015,Liechtenstein,Hybrid electric-petrol,55
2015,Liechtenstein,Plug-in hybrid petrol-electric,0
2015,Liechtenstein,Diesel (excluding hybrids),934
2015,Liechtenstein,Hybrid diesel-electric,3
2015,Liechtenstein,Plug-in hybrid diesel-electric,0
2015,Liechtenstein,Hydrogen and fuel cells,0
2015,Liechtenstein,Bioethanol,0
2015,Liechtenstein,Biodiesel,0
2015,Liechtenstein,Bi-fuel,5
2015,Liechtenstein,Other,0
2015,Norway,Petroleum products,64686
2015,Norway,Liquefied petroleum gases (LPG),0
2015,Norway,Diesel,89499
2015,Norway,Natural Gas,0
2015,Norway,Electricity,21997
2015,Norway,Alternative Energy,22151
2015,Norway,Petrol (excluding hybrids),0
2015,Norway,Hybrid electric-petrol,0
2015,Norway,Plug-in hybrid petrol-electric,0
2015,Norway,Diesel (excluding hybrids),0
2015,Norway,Hybrid diesel-electric,0
2015,Norway,Plug-in hybrid diesel-electric,0
2015,Norway,Hydrogen and fuel cells,0
2015,Norway,Bioethanol,0
2015,Norway,Biodiesel,0
2015,Norway,Bi-fuel,0
2015,Norway,Other,154
2015,Switzerland,Petroleum products,193200
2015,Switzerland,Liquefied petroleum gases (LPG),0
2015,Switzerland,Diesel,129000
2015,Switzerland,Natural Gas,200
2015,Switzerland,Electricity,3900
2015,Switzerland,Alternative Energy,5000
2015,Switzerland,Petrol (excluding hybrids),185500
2015,Switzerland,Hybrid electric-petrol,7700
2015,Switzerland,Plug-in hybrid petrol-electric,0
2015,Switzerland,Diesel (excluding hybrids),127900
2015,Switzerland,Hybrid diesel-electric,1100
2015,Switzerland,Plug-in hybrid diesel-electric,0
2015,Switzerland,Hydrogen and fuel cells,0
2015,Switzerland,Bioethanol,0
2015,Switzerland,Biodiesel,0
2015,Switzerland,Bi-fuel,900
2015,Switzerland,Other,100
2015,North Macedonia,Petroleum products,0
2015,North Macedonia,Liquefied petroleum gases (LPG),0
2015,North Macedonia,Diesel,0
2015,North Macedonia,Natural Gas,0
2015,North Macedonia,Electricity,0
2015,North Macedonia,Alternative Energy,0
2015,North Macedonia,Petrol (excluding hybrids),0
2015,North Macedonia,Hybrid electric-petrol,0
2015,North Macedonia,Plug-in hybrid petrol-electric,0
2015,North Macedonia,Diesel (excluding hybrids),0
2015,North Macedonia,Hybrid diesel-electric,0
2015,North Macedonia,Plug-in hybrid diesel-electric,0
2015,North Macedonia,Hydrogen and fuel cells,0
2015,North Macedonia,Bioethanol,0
2015,North Macedonia,Biodiesel,0
2015,North Macedonia,Bi-fuel,0
2015,North Macedonia,Other,0
2015,Turkey,Petroleum products,270762
2015,Turkey,Liquefied petroleum gases (LPG),13288
2015,Turkey,Diesel,462191
2015,Turkey,Natural Gas,0
2015,Turkey,Electricity,154
2015,Turkey,Alternative Energy,13442
2015,Turkey,Petrol (excluding hybrids),270634
2015,Turkey,Hybrid electric-petrol,128
2015,Turkey,Plug-in hybrid petrol-electric,0
2015,Turkey,Diesel (excluding hybrids),462119
2015,Turkey,Hybrid diesel-electric,72
2015,Turkey,Plug-in hybrid diesel-electric,0
2015,Turkey,Hydrogen and fuel cells,0
2015,Turkey,Bioethanol,0
2015,Turkey,Biodiesel,0
2015,Turkey,Bi-fuel,0
2015,Turkey,Other,0
2016,Belgium,Petroleum products,256076
2016,Belgium,Liquefied petroleum gases (LPG),4
2016,Belgium,Diesel,285653
2016,Belgium,Natural Gas,790
2016,Belgium,Electricity,2061
2016,Belgium,Alternative Energy,4413
2016,Belgium,Petrol (excluding hybrids),240384
2016,Belgium,Hybrid electric-petrol,15692
2016,Belgium,Plug-in hybrid petrol-electric,0
2016,Belgium,Diesel (excluding hybrids),284352
2016,Belgium,Hybrid diesel-electric,1301
2016,Belgium,Plug-in hybrid diesel-electric,0
2016,Belgium,Hydrogen and fuel cells,0
2016,Belgium,Bioethanol,6
2016,Belgium,Biodiesel,0
2016,Belgium,Bi-fuel,0
2016,Belgium,Other,1552
2016,Denmark,Petroleum products,140371
2016,Denmark,Liquefied petroleum gases (LPG),0
2016,Denmark,Diesel,80216
2016,Denmark,Natural Gas,0
2016,Denmark,Electricity,0
2016,Denmark,Alternative Energy,0
2016,Denmark,Petrol (excluding hybrids),0
2016,Denmark,Hybrid electric-petrol,0
2016,Denmark,Plug-in hybrid petrol-electric,0
2016,Denmark,Diesel (excluding hybrids),0
2016,Denmark,Hybrid diesel-electric,0
2016,Denmark,Plug-in hybrid diesel-electric,0
2016,Denmark,Hydrogen and fuel cells,0
2016,Denmark,Bioethanol,0
2016,Denmark,Biodiesel,0
2016,Denmark,Bi-fuel,0
2016,Denmark,Other,0
2016,Germany,Petroleum products,1746308
2016,Germany,Liquefied petroleum gases (LPG),2990
2016,Germany,Diesel,1539596
2016,Germany,Natural Gas,3240
2016,Germany,Electricity,11410
2016,Germany,Alternative Energy,65703
2016,Germany,Petrol (excluding hybrids),0
2016,Germany,Hybrid electric-petrol,0
2016,Germany,Plug-in hybrid petrol-electric,0
2016,Germany,Diesel (excluding hybrids),0
2016,Germany,Hybrid diesel-electric,0
2016,Germany,Plug-in hybrid diesel-electric,0
2016,Germany,Hydrogen and fuel cells,0
2016,Germany,Bioethanol,0
2016,Germany,Biodiesel,0
2016,Germany,Bi-fuel,0
2016,Germany,Other,48063
2016,Estonia,Petroleum products,16592
2016,Estonia,Liquefied petroleum gases (LPG),0
2016,Estonia,Diesel,6393
2016,Estonia,Natural Gas,3
2016,Estonia,Electricity,32
2016,Estonia,Alternative Energy,35
2016,Estonia,Petrol (excluding hybrids),15821
2016,Estonia,Hybrid electric-petrol,771
2016,Estonia,Plug-in hybrid petrol-electric,0
2016,Estonia,Diesel (excluding hybrids),6392
2016,Estonia,Hybrid diesel-electric,1
2016,Estonia,Plug-in hybrid diesel-electric,0
2016,Estonia,Hydrogen and fuel cells,0
2016,Estonia,Bioethanol,0
2016,Estonia,Biodiesel,0
2016,Estonia,Bi-fuel,0
2016,Estonia,Other,0
2016,Ireland,Petroleum products,41160
2016,Ireland,Liquefied petroleum gases (LPG),0
2016,Ireland,Diesel,105257
2016,Ireland,Natural Gas,0
2016,Ireland,Electricity,402
2016,Ireland,Alternative Energy,3346
2016,Ireland,Petrol (excluding hybrids),0
2016,Ireland,Hybrid electric-petrol,0
2016,Ireland,Plug-in hybrid petrol-electric,0
2016,Ireland,Diesel (excluding hybrids),0
2016,Ireland,Hybrid diesel-electric,0
2016,Ireland,Plug-in hybrid diesel-electric,0
2016,Ireland,Hydrogen and fuel cells,0
2016,Ireland,Bioethanol,0
2016,Ireland,Biodiesel,0
2016,Ireland,Bi-fuel,0
2016,Ireland,Other,2944
2016,Spain,Petroleum products,509247
2016,Spain,Liquefied petroleum gases (LPG),1445
2016,Spain,Diesel,715543
2016,Spain,Natural Gas,405
2016,Spain,Electricity,3414
2016,Spain,Alternative Energy,5314
2016,Spain,Petrol (excluding hybrids),478822
2016,Spain,Hybrid electric-petrol,30407
2016,Spain,Plug-in hybrid petrol-electric,18
2016,Spain,Diesel (excluding hybrids),715467
2016,Spain,Hybrid diesel-electric,66
2016,Spain,Plug-in hybrid diesel-electric,10
2016,Spain,Hydrogen and fuel cells,2
2016,Spain,Bioethanol,0
2016,Spain,Biodiesel,1
2016,Spain,Bi-fuel,0
2016,Spain,Other,47
2016,France,Petroleum products,928357
2016,France,Liquefied petroleum gases (LPG),47
2016,France,Diesel,1032695
2016,France,Natural Gas,10
2016,France,Electricity,21758
2016,France,Alternative Energy,23419
2016,France,Petrol (excluding hybrids),874838
2016,France,Hybrid electric-petrol,46301
2016,France,Plug-in hybrid petrol-electric,7218
2016,France,Diesel (excluding hybrids),1027912
2016,France,Hybrid diesel-electric,4522
2016,France,Plug-in hybrid diesel-electric,261
2016,France,Hydrogen and fuel cells,9
2016,France,Bioethanol,1062
2016,France,Biodiesel,0
2016,France,Bi-fuel,450
2016,France,Other,83
2016,Croatia,Petroleum products,20490
2016,Croatia,Liquefied petroleum gases (LPG),2
2016,Croatia,Diesel,74421
2016,Croatia,Natural Gas,2
2016,Croatia,Electricity,66
2016,Croatia,Alternative Energy,1544
2016,Croatia,Petrol (excluding hybrids),20490
2016,Croatia,Hybrid electric-petrol,0
2016,Croatia,Plug-in hybrid petrol-electric,0
2016,Croatia,Diesel (excluding hybrids),74421
2016,Croatia,Hybrid diesel-electric,0
2016,Croatia,Plug-in hybrid diesel-electric,0
2016,Croatia,Hydrogen and fuel cells,0
2016,Croatia,Bioethanol,0
2016,Croatia,Biodiesel,0
2016,Croatia,Bi-fuel,973
2016,Croatia,Other,501
2016,Italy,Petroleum products,0
2016,Italy,Liquefied petroleum gases (LPG),0
2016,Italy,Diesel,0
2016,Italy,Natural Gas,0
2016,Italy,Electricity,0
2016,Italy,Alternative Energy,146790
2016,Italy,Petrol (excluding hybrids),643165
2016,Italy,Hybrid electric-petrol,0
2016,Italy,Plug-in hybrid petrol-electric,0
2016,Italy,Diesel (excluding hybrids),1058886
2016,Italy,Hybrid diesel-electric,0
2016,Italy,Plug-in hybrid diesel-electric,0
2016,Italy,Hydrogen and fuel cells,0
2016,Italy,Bioethanol,0
2016,Italy,Biodiesel,0
2016,Italy,Bi-fuel,0
2016,Italy,Other,0
2016,Cyprus,Petroleum products,17590
2016,Cyprus,Liquefied petroleum gases (LPG),0
2016,Cyprus,Diesel,10344
2016,Cyprus,Natural Gas,0
2016,Cyprus,Electricity,22
2016,Cyprus,Alternative Energy,22
2016,Cyprus,Petrol (excluding hybrids),16844
2016,Cyprus,Hybrid electric-petrol,746
2016,Cyprus,Plug-in hybrid petrol-electric,0
2016,Cyprus,Diesel (excluding hybrids),10344
2016,Cyprus,Hybrid diesel-electric,0
2016,Cyprus,Plug-in hybrid diesel-electric,0
2016,Cyprus,Hydrogen and fuel cells,0
2016,Cyprus,Bioethanol,0
2016,Cyprus,Biodiesel,0
2016,Cyprus,Bi-fuel,0
2016,Cyprus,Other,0
2016,Latvia,Petroleum products,9381
2016,Latvia,Liquefied petroleum gases (LPG),77
2016,Latvia,Diesel,7287
2016,Latvia,Natural Gas,4
2016,Latvia,Electricity,19
2016,Latvia,Alternative Energy,100
2016,Latvia,Petrol (excluding hybrids),9363
2016,Latvia,Hybrid electric-petrol,18
2016,Latvia,Plug-in hybrid petrol-electric,0
2016,Latvia,Diesel (excluding hybrids),7287
2016,Latvia,Hybrid diesel-electric,0
2016,Latvia,Plug-in hybrid diesel-electric,0
2016,Latvia,Hydrogen and fuel cells,0
2016,Latvia,Bioethanol,0
2016,Latvia,Biodiesel,0
2016,Latvia,Bi-fuel,0
2016,Latvia,Other,0
2016,Lithuania,Petroleum products,36296
2016,Lithuania,Liquefied petroleum gases (LPG),25
2016,Lithuania,Diesel,100495
2016,Lithuania,Natural Gas,0
2016,Lithuania,Electricity,202
2016,Lithuania,Alternative Energy,3080
2016,Lithuania,Petrol (excluding hybrids),34511
2016,Lithuania,Hybrid electric-petrol,0
2016,Lithuania,Plug-in hybrid petrol-electric,1785
2016,Lithuania,Diesel (excluding hybrids),100484
2016,Lithuania,Hybrid diesel-electric,0
2016,Lithuania,Plug-in hybrid diesel-electric,11
2016,Lithuania,Hydrogen and fuel cells,0
2016,Lithuania,Bioethanol,0
2016,Lithuania,Biodiesel,0
2016,Lithuania,Bi-fuel,0
2016,Lithuania,Other,2853
2016,Hungary,Petroleum products,122444
2016,Hungary,Liquefied petroleum gases (LPG),1
2016,Hungary,Diesel,110271
2016,Hungary,Natural Gas,130
2016,Hungary,Electricity,453
2016,Hungary,Alternative Energy,5940
2016,Hungary,Petrol (excluding hybrids),122444
2016,Hungary,Hybrid electric-petrol,0
2016,Hungary,Plug-in hybrid petrol-electric,0
2016,Hungary,Diesel (excluding hybrids),110271
2016,Hungary,Hybrid diesel-electric,0
2016,Hungary,Plug-in hybrid diesel-electric,0
2016,Hungary,Hydrogen and fuel cells,0
2016,Hungary,Bioethanol,0
2016,Hungary,Biodiesel,1
2016,Hungary,Bi-fuel,1163
2016,Hungary,Other,4192
2016,Malta,Petroleum products,11176
2016,Malta,Liquefied petroleum gases (LPG),0
2016,Malta,Diesel,5451
2016,Malta,Natural Gas,1
2016,Malta,Electricity,31
2016,Malta,Alternative Energy,87
2016,Malta,Petrol (excluding hybrids),11022
2016,Malta,Hybrid electric-petrol,154
2016,Malta,Plug-in hybrid petrol-electric,0
2016,Malta,Diesel (excluding hybrids),5446
2016,Malta,Hybrid diesel-electric,5
2016,Malta,Plug-in hybrid diesel-electric,0
2016,Malta,Hydrogen and fuel cells,0
2016,Malta,Bioethanol,0
2016,Malta,Biodiesel,0
2016,Malta,Bi-fuel,53
2016,Malta,Other,0
2016,Netherlands,Petroleum products,304645
2016,Netherlands,Liquefied petroleum gases (LPG),860
2016,Netherlands,Diesel,72356
2016,Netherlands,Natural Gas,658
2016,Netherlands,Electricity,0
2016,Netherlands,Alternative Energy,5514
2016,Netherlands,Petrol (excluding hybrids),0
2016,Netherlands,Hybrid electric-petrol,29916
2016,Netherlands,Plug-in hybrid petrol-electric,0
2016,Netherlands,Diesel (excluding hybrids),0
2016,Netherlands,Hybrid diesel-electric,0
2016,Netherlands,Plug-in hybrid diesel-electric,0
2016,Netherlands,Hydrogen and fuel cells,7
2016,Netherlands,Bioethanol,0
2016,Netherlands,Biodiesel,0
2016,Netherlands,Bi-fuel,0
2016,Netherlands,Other,3989
2016,Austria,Petroleum products,136148
2016,Austria,Liquefied petroleum gases (LPG),0
2016,Austria,Diesel,189139
2016,Austria,Natural Gas,119
2016,Austria,Electricity,3826
2016,Austria,Alternative Energy,4317
2016,Austria,Petrol (excluding hybrids),131756
2016,Austria,Hybrid electric-petrol,3305
2016,Austria,Plug-in hybrid petrol-electric,1087
2016,Austria,Diesel (excluding hybrids),188820
2016,Austria,Hybrid diesel-electric,169
2016,Austria,Plug-in hybrid diesel-electric,150
2016,Austria,Hydrogen and fuel cells,5
2016,Austria,Bioethanol,0
2016,Austria,Biodiesel,0
2016,Austria,Bi-fuel,367
2016,Austria,Other,0
2016,Poland,Petroleum products,718969
2016,Poland,Liquefied petroleum gases (LPG),104515
2016,Poland,Diesel,530548
2016,Poland,Natural Gas,349
2016,Poland,Electricity,6847
2016,Poland,Alternative Energy,111753
2016,Poland,Petrol (excluding hybrids),718952
2016,Poland,Hybrid electric-petrol,0
2016,Poland,Plug-in hybrid petrol-electric,0
2016,Poland,Diesel (excluding hybrids),530548
2016,Poland,Hybrid diesel-electric,0
2016,Poland,Plug-in hybrid diesel-electric,0
2016,Poland,Hydrogen and fuel cells,16
2016,Poland,Bioethanol,2
2016,Poland,Biodiesel,0
2016,Poland,Bi-fuel,0
2016,Poland,Other,24
2016,Portugal,Petroleum products,0
2016,Portugal,Liquefied petroleum gases (LPG),0
2016,Portugal,Diesel,0
2016,Portugal,Natural Gas,0
2016,Portugal,Electricity,0
2016,Portugal,Alternative Energy,0
2016,Portugal,Petrol (excluding hybrids),0
2016,Portugal,Hybrid electric-petrol,0
2016,Portugal,Plug-in hybrid petrol-electric,0
2016,Portugal,Diesel (excluding hybrids),0
2016,Portugal,Hybrid diesel-electric,0
2016,Portugal,Plug-in hybrid diesel-electric,0
2016,Portugal,Hydrogen and fuel cells,0
2016,Portugal,Bioethanol,0
2016,Portugal,Biodiesel,0
2016,Portugal,Bi-fuel,0
2016,Portugal,Other,0
2016,Romania,Petroleum products,0
2016,Romania,Liquefied petroleum gases (LPG),0
2016,Romania,Diesel,0
2016,Romania,Natural Gas,0
2016,Romania,Electricity,0
2016,Romania,Alternative Energy,0
2016,Romania,Petrol (excluding hybrids),0
2016,Romania,Hybrid electric-petrol,0
2016,Romania,Plug-in hybrid petrol-electric,0
2016,Romania,Diesel (excluding hybrids),0
2016,Romania,Hybrid diesel-electric,0
2016,Romania,Plug-in hybrid diesel-electric,0
2016,Romania,Hydrogen and fuel cells,0
2016,Romania,Bioethanol,0
2016,Romania,Biodiesel,0
2016,Romania,Bi-fuel,0
2016,Romania,Other,0
2016,Slovenia,Petroleum products,31429
2016,Slovenia,Liquefied petroleum gases (LPG),290
2016,Slovenia,Diesel,32589
2016,Slovenia,Natural Gas,9
2016,Slovenia,Electricity,151
2016,Slovenia,Alternative Energy,881
2016,Slovenia,Petrol (excluding hybrids),31429
2016,Slovenia,Hybrid electric-petrol,0
2016,Slovenia,Plug-in hybrid petrol-electric,0
2016,Slovenia,Diesel (excluding hybrids),32589
2016,Slovenia,Hybrid diesel-electric,0
2016,Slovenia,Plug-in hybrid diesel-electric,0
2016,Slovenia,Hydrogen and fuel cells,0
2016,Slovenia,Bioethanol,0
2016,Slovenia,Biodiesel,0
2016,Slovenia,Bi-fuel,0
2016,Slovenia,Other,431
2016,Finland,Petroleum products,79042
2016,Finland,Liquefied petroleum gases (LPG),0
2016,Finland,Diesel,39556
2016,Finland,Natural Gas,38
2016,Finland,Electricity,223
2016,Finland,Alternative Energy,402
2016,Finland,Petrol (excluding hybrids),73258
2016,Finland,Hybrid electric-petrol,4668
2016,Finland,Plug-in hybrid petrol-electric,1116
2016,Finland,Diesel (excluding hybrids),39452
2016,Finland,Hybrid diesel-electric,11
2016,Finland,Plug-in hybrid diesel-electric,93
2016,Finland,Hydrogen and fuel cells,0
2016,Finland,Bioethanol,14
2016,Finland,Biodiesel,0
2016,Finland,Bi-fuel,127
2016,Finland,Other,0
2016,Sweden,Petroleum products,177903
2016,Sweden,Liquefied petroleum gases (LPG),0
2016,Sweden,Diesel,202383
2016,Sweden,Natural Gas,499
2016,Sweden,Electricity,2993
2016,Sweden,Alternative Energy,7711
2016,Sweden,Petrol (excluding hybrids),155318
2016,Sweden,Hybrid electric-petrol,13621
2016,Sweden,Plug-in hybrid petrol-electric,8964
2016,Sweden,Diesel (excluding hybrids),201040
2016,Sweden,Hybrid diesel-electric,17
2016,Sweden,Plug-in hybrid diesel-electric,1326
2016,Sweden,Hydrogen and fuel cells,19
2016,Sweden,Bioethanol,1
2016,Sweden,Biodiesel,0
2016,Sweden,Bi-fuel,3311
2016,Sweden,Other,888
2016,United Kingdom,Petroleum products,1390355
2016,United Kingdom,Liquefied petroleum gases (LPG),0
2016,United Kingdom,Diesel,1264307
2016,United Kingdom,Natural Gas,33
2016,United Kingdom,Electricity,10544
2016,United Kingdom,Alternative Energy,10589
2016,United Kingdom,Petrol (excluding hybrids),1313385
2016,United Kingdom,Hybrid electric-petrol,76970
2016,United Kingdom,Plug-in hybrid petrol-electric,0
2016,United Kingdom,Diesel (excluding hybrids),1262512
2016,United Kingdom,Hybrid diesel-electric,1795
2016,United Kingdom,Plug-in hybrid diesel-electric,0
2016,United Kingdom,Hydrogen and fuel cells,7
2016,United Kingdom,Bioethanol,0
2016,United Kingdom,Biodiesel,0
2016,United Kingdom,Bi-fuel,29
2016,United Kingdom,Other,2
2016,Liechtenstein,Petroleum products,951
2016,Liechtenstein,Liquefied petroleum gases (LPG),1
2016,Liechtenstein,Diesel,985
2016,Liechtenstein,Natural Gas,0
2016,Liechtenstein,Electricity,46
2016,Liechtenstein,Alternative Energy,48
2016,Liechtenstein,Petrol (excluding hybrids),889
2016,Liechtenstein,Hybrid electric-petrol,62
2016,Liechtenstein,Plug-in hybrid petrol-electric,0
2016,Liechtenstein,Diesel (excluding hybrids),984
2016,Liechtenstein,Hybrid diesel-electric,1
2016,Liechtenstein,Plug-in hybrid diesel-electric,0
2016,Liechtenstein,Hydrogen and fuel cells,0
2016,Liechtenstein,Bioethanol,0
2016,Liechtenstein,Biodiesel,0
2016,Liechtenstein,Bi-fuel,1
2016,Liechtenstein,Other,0
2016,Norway,Petroleum products,86537
2016,Norway,Liquefied petroleum gases (LPG),0
2016,Norway,Diesel,56095
2016,Norway,Natural Gas,5
2016,Norway,Electricity,28965
2016,Norway,Alternative Energy,29001
2016,Norway,Petrol (excluding hybrids),47290
2016,Norway,Hybrid electric-petrol,18022
2016,Norway,Plug-in hybrid petrol-electric,21225
2016,Norway,Diesel (excluding hybrids),54835
2016,Norway,Hybrid diesel-electric,95
2016,Norway,Plug-in hybrid diesel-electric,1165
2016,Norway,Hydrogen and fuel cells,23
2016,Norway,Bioethanol,0
2016,Norway,Biodiesel,0
2016,Norway,Bi-fuel,0
2016,Norway,Other,8
2016,Switzerland,Petroleum products,188600
2016,Switzerland,Liquefied petroleum gases (LPG),0
2016,Switzerland,Diesel,125600
2016,Switzerland,Natural Gas,200
2016,Switzerland,Electricity,3500
2016,Switzerland,Alternative Energy,4500
2016,Switzerland,Petrol (excluding hybrids),178700
2016,Switzerland,Hybrid electric-petrol,9900
2016,Switzerland,Plug-in hybrid petrol-electric,0
2016,Switzerland,Diesel (excluding hybrids),125000
2016,Switzerland,Hybrid diesel-electric,600
2016,Switzerland,Plug-in hybrid diesel-electric,0
2016,Switzerland,Hydrogen and fuel cells,0
2016,Switzerland,Bioethanol,0
2016,Switzerland,Biodiesel,0
2016,Switzerland,Bi-fuel,700
2016,Switzerland,Other,100
2016,North Macedonia,Petroleum products,0
2016,North Macedonia,Liquefied petroleum gases (LPG),0
2016,North Macedonia,Diesel,0
2016,North Macedonia,Natural Gas,0
2016,North Macedonia,Electricity,0
2016,North Macedonia,Alternative Energy,0
2016,North Macedonia,Petrol (excluding hybrids),0
2016,North Macedonia,Hybrid electric-petrol,0
2016,North Macedonia,Plug-in hybrid petrol-electric,0
2016,North Macedonia,Diesel (excluding hybrids),0
2016,North Macedonia,Hybrid diesel-electric,0
2016,North Macedonia,Plug-in hybrid diesel-electric,0
2016,North Macedonia,Hydrogen and fuel cells,0
2016,North Macedonia,Bioethanol,0
2016,North Macedonia,Biodiesel,0
2016,North Macedonia,Bi-fuel,0
2016,North Macedonia,Other,0
2016,Turkey,Petroleum products,271453
2016,Turkey,Liquefied petroleum gases (LPG),13715
2016,Turkey,Diesel,460829
2016,Turkey,Natural Gas,0
2016,Turkey,Electricity,77
2016,Turkey,Alternative Energy,13792
2016,Turkey,Petrol (excluding hybrids),271315
2016,Turkey,Hybrid electric-petrol,138
2016,Turkey,Plug-in hybrid petrol-electric,0
2016,Turkey,Diesel (excluding hybrids),460781
2016,Turkey,Hybrid diesel-electric,48
2016,Turkey,Plug-in hybrid diesel-electric,0
2016,Turkey,Hydrogen and fuel cells,0
2016,Turkey,Bioethanol,0
2016,Turkey,Biodiesel,0
2016,Turkey,Bi-fuel,0
2016,Turkey,Other,0
2017,Belgium,Petroleum products,288484
2017,Belgium,Liquefied petroleum gases (LPG),2
2017,Belgium,Diesel,259790
2017,Belgium,Natural Gas,741
2017,Belgium,Electricity,2717
2017,Belgium,Alternative Energy,5418
2017,Belgium,Petrol (excluding hybrids),265026
2017,Belgium,Hybrid electric-petrol,23458
2017,Belgium,Plug-in hybrid petrol-electric,0
2017,Belgium,Diesel (excluding hybrids),258956
2017,Belgium,Hybrid diesel-electric,834
2017,Belgium,Plug-in hybrid diesel-electric,0
2017,Belgium,Hydrogen and fuel cells,0
2017,Belgium,Bioethanol,0
2017,Belgium,Biodiesel,0
2017,Belgium,Bi-fuel,0
2017,Belgium,Other,1958
2017,Denmark,Petroleum products,142607
2017,Denmark,Liquefied petroleum gases (LPG),0
2017,Denmark,Diesel,77495
2017,Denmark,Natural Gas,0
2017,Denmark,Electricity,0
2017,Denmark,Alternative Energy,0
2017,Denmark,Petrol (excluding hybrids),0
2017,Denmark,Hybrid electric-petrol,0
2017,Denmark,Plug-in hybrid petrol-electric,0
2017,Denmark,Diesel (excluding hybrids),0
2017,Denmark,Hybrid diesel-electric,0
2017,Denmark,Plug-in hybrid diesel-electric,0
2017,Denmark,Hydrogen and fuel cells,0
2017,Denmark,Bioethanol,0
2017,Denmark,Biodiesel,0
2017,Denmark,Bi-fuel,0
2017,Denmark,Other,0
2017,Germany,Petroleum products,1986488
2017,Germany,Liquefied petroleum gases (LPG),4400
2017,Germany,Diesel,1336776
2017,Germany,Natural Gas,3723
2017,Germany,Electricity,25056
2017,Germany,Alternative Energy,143474
2017,Germany,Petrol (excluding hybrids),0
2017,Germany,Hybrid electric-petrol,0
2017,Germany,Plug-in hybrid petrol-electric,0
2017,Germany,Diesel (excluding hybrids),0
2017,Germany,Hybrid diesel-electric,0
2017,Germany,Plug-in hybrid diesel-electric,0
2017,Germany,Hydrogen and fuel cells,0
2017,Germany,Bioethanol,0
2017,Germany,Biodiesel,0
2017,Germany,Bi-fuel,0
2017,Germany,Other,114255
2017,Estonia,Petroleum products,19177
2017,Estonia,Liquefied petroleum gases (LPG),0
2017,Estonia,Diesel,6409
2017,Estonia,Natural Gas,9
2017,Estonia,Electricity,26
2017,Estonia,Alternative Energy,35
2017,Estonia,Petrol (excluding hybrids),17991
2017,Estonia,Hybrid electric-petrol,1186
2017,Estonia,Plug-in hybrid petrol-electric,0
2017,Estonia,Diesel (excluding hybrids),6408
2017,Estonia,Hybrid diesel-electric,1
2017,Estonia,Plug-in hybrid diesel-electric,0
2017,Estonia,Hydrogen and fuel cells,0
2017,Estonia,Bioethanol,0
2017,Estonia,Biodiesel,0
2017,Estonia,Bi-fuel,0
2017,Estonia,Other,0
2017,Ireland,Petroleum products,40798
2017,Ireland,Liquefied petroleum gases (LPG),0
2017,Ireland,Diesel,87640
2017,Ireland,Natural Gas,0
2017,Ireland,Electricity,631
2017,Ireland,Alternative Energy,5444
2017,Ireland,Petrol (excluding hybrids),40798
2017,Ireland,Hybrid electric-petrol,0
2017,Ireland,Plug-in hybrid petrol-electric,0
2017,Ireland,Diesel (excluding hybrids),87640
2017,Ireland,Hybrid diesel-electric,0
2017,Ireland,Plug-in hybrid diesel-electric,0
2017,Ireland,Hydrogen and fuel cells,0
2017,Ireland,Bioethanol,0
2017,Ireland,Biodiesel,0
2017,Ireland,Bi-fuel,0
2017,Ireland,Other,4813
2017,Spain,Petroleum products,648790
2017,Spain,Liquefied petroleum gases (LPG),4079
2017,Spain,Diesel,680575
2017,Spain,Natural Gas,1310
2017,Spain,Electricity,7175
2017,Spain,Alternative Energy,12646
2017,Spain,Petrol (excluding hybrids),593242
2017,Spain,Hybrid electric-petrol,55220
2017,Spain,Plug-in hybrid petrol-electric,328
2017,Spain,Diesel (excluding hybrids),680355
2017,Spain,Hybrid diesel-electric,207
2017,Spain,Plug-in hybrid diesel-electric,13
2017,Spain,Hydrogen and fuel cells,2
2017,Spain,Bioethanol,0
2017,Spain,Biodiesel,0
2017,Spain,Bi-fuel,0
2017,Spain,Other,80
2017,France,Petroleum products,1073148
2017,France,Liquefied petroleum gases (LPG),46
2017,France,Diesel,979495
2017,France,Natural Gas,26
2017,France,Electricity,24910
2017,France,Alternative Energy,26872
2017,France,Petrol (excluding hybrids),992919
2017,France,Hybrid electric-petrol,68654
2017,France,Plug-in hybrid petrol-electric,11575
2017,France,Diesel (excluding hybrids),978185
2017,France,Hybrid diesel-electric,1023
2017,France,Plug-in hybrid diesel-electric,287
2017,France,Hydrogen and fuel cells,0
2017,France,Bioethanol,746
2017,France,Biodiesel,0
2017,France,Bi-fuel,1032
2017,France,Other,112
2017,Croatia,Petroleum products,20875
2017,Croatia,Liquefied petroleum gases (LPG),0
2017,Croatia,Diesel,71385
2017,Croatia,Natural Gas,1
2017,Croatia,Electricity,55
2017,Croatia,Alternative Energy,1542
2017,Croatia,Petrol (excluding hybrids),20875
2017,Croatia,Hybrid electric-petrol,0
2017,Croatia,Plug-in hybrid petrol-electric,0
2017,Croatia,Diesel (excluding hybrids),71385
2017,Croatia,Hybrid diesel-electric,0
2017,Croatia,Plug-in hybrid diesel-electric,0
2017,Croatia,Hydrogen and fuel cells,0
2017,Croatia,Bioethanol,0
2017,Croatia,Biodiesel,0
2017,Croatia,Bi-fuel,822
2017,Croatia,Other,664
2017,Italy,Petroleum products,0
2017,Italy,Liquefied petroleum gases (LPG),128765
2017,Italy,Diesel,0
2017,Italy,Natural Gas,32659
2017,Italy,Electricity,0
2017,Italy,Alternative Energy,163320
2017,Italy,Petrol (excluding hybrids),700072
2017,Italy,Hybrid electric-petrol,0
2017,Italy,Plug-in hybrid petrol-electric,0
2017,Italy,Diesel (excluding hybrids),1130434
2017,Italy,Hybrid diesel-electric,0
2017,Italy,Plug-in hybrid diesel-electric,0
2017,Italy,Hydrogen and fuel cells,0
2017,Italy,Bioethanol,0
2017,Italy,Biodiesel,0
2017,Italy,Bi-fuel,0
2017,Italy,Other,1896
2017,Cyprus,Petroleum products,20532
2017,Cyprus,Liquefied petroleum gases (LPG),0
2017,Cyprus,Diesel,15478
2017,Cyprus,Natural Gas,0
2017,Cyprus,Electricity,44
2017,Cyprus,Alternative Energy,57
2017,Cyprus,Petrol (excluding hybrids),19183
2017,Cyprus,Hybrid electric-petrol,1349
2017,Cyprus,Plug-in hybrid petrol-electric,0
2017,Cyprus,Diesel (excluding hybrids),15478
2017,Cyprus,Hybrid diesel-electric,0
2017,Cyprus,Plug-in hybrid diesel-electric,0
2017,Cyprus,Hydrogen and fuel cells,0
2017,Cyprus,Bioethanol,0
2017,Cyprus,Biodiesel,0
2017,Cyprus,Bi-fuel,0
2017,Cyprus,Other,13
2017,Latvia,Petroleum products,9488
2017,Latvia,Liquefied petroleum gases (LPG),78
2017,Latvia,Diesel,7446
2017,Latvia,Natural Gas,11
2017,Latvia,Electricity,41
2017,Latvia,Alternative Energy,130
2017,Latvia,Petrol (excluding hybrids),9471
2017,Latvia,Hybrid electric-petrol,17
2017,Latvia,Plug-in hybrid petrol-electric,0
2017,Latvia,Diesel (excluding hybrids),7445
2017,Latvia,Hybrid diesel-electric,1
2017,Latvia,Plug-in hybrid diesel-electric,0
2017,Latvia,Hydrogen and fuel cells,0
2017,Latvia,Bioethanol,0
2017,Latvia,Biodiesel,0
2017,Latvia,Bi-fuel,0
2017,Latvia,Other,0
2017,Lithuania,Petroleum products,47486
2017,Lithuania,Liquefied petroleum gases (LPG),48
2017,Lithuania,Diesel,110328
2017,Lithuania,Natural Gas,0
2017,Lithuania,Electricity,283
2017,Lithuania,Alternative Energy,3301
2017,Lithuania,Petrol (excluding hybrids),44619
2017,Lithuania,Hybrid electric-petrol,0
2017,Lithuania,Plug-in hybrid petrol-electric,2867
2017,Lithuania,Diesel (excluding hybrids),110312
2017,Lithuania,Hybrid diesel-electric,0
2017,Lithuania,Plug-in hybrid diesel-electric,16
2017,Lithuania,Hydrogen and fuel cells,0
2017,Lithuania,Bioethanol,0
2017,Lithuania,Biodiesel,0
2017,Lithuania,Bi-fuel,0
2017,Lithuania,Other,2970
2017,Hungary,Petroleum products,148139
2017,Hungary,Liquefied petroleum gases (LPG),0
2017,Hungary,Diesel,113161
2017,Hungary,Natural Gas,135
2017,Hungary,Electricity,1262
2017,Hungary,Alternative Energy,10420
2017,Hungary,Petrol (excluding hybrids),148139
2017,Hungary,Hybrid electric-petrol,0
2017,Hungary,Plug-in hybrid petrol-electric,0
2017,Hungary,Diesel (excluding hybrids),113161
2017,Hungary,Hybrid diesel-electric,0
2017,Hungary,Plug-in hybrid diesel-electric,0
2017,Hungary,Hydrogen and fuel cells,0
2017,Hungary,Bioethanol,0
2017,Hungary,Biodiesel,0
2017,Hungary,Bi-fuel,1217
2017,Hungary,Other,7806
2017,Malta,Petroleum products,11766
2017,Malta,Liquefied petroleum gases (LPG),1
2017,Malta,Diesel,6865
2017,Malta,Natural Gas,0
2017,Malta,Electricity,53
2017,Malta,Alternative Energy,98
2017,Malta,Petrol (excluding hybrids),11494
2017,Malta,Hybrid electric-petrol,272
2017,Malta,Plug-in hybrid petrol-electric,0
2017,Malta,Diesel (excluding hybrids),6858
2017,Malta,Hybrid diesel-electric,7
2017,Malta,Plug-in hybrid diesel-electric,0
2017,Malta,Hydrogen and fuel cells,0
2017,Malta,Bioethanol,0
2017,Malta,Biodiesel,0
2017,Malta,Bi-fuel,44
2017,Malta,Other,0
2017,Netherlands,Petroleum products,331609
2017,Netherlands,Liquefied petroleum gases (LPG),1200
2017,Netherlands,Diesel,72267
2017,Netherlands,Natural Gas,1268
2017,Netherlands,Electricity,7958
2017,Netherlands,Alternative Energy,10433
2017,Netherlands,Petrol (excluding hybrids),0
2017,Netherlands,Hybrid electric-petrol,20733
2017,Netherlands,Plug-in hybrid petrol-electric,0
2017,Netherlands,Diesel (excluding hybrids),0
2017,Netherlands,Hybrid diesel-electric,0
2017,Netherlands,Plug-in hybrid diesel-electric,0
2017,Netherlands,Hydrogen and fuel cells,6
2017,Netherlands,Bioethanol,0
2017,Netherlands,Biodiesel,0
2017,Netherlands,Bi-fuel,0
2017,Netherlands,Other,1
2017,Austria,Petroleum products,171862
2017,Austria,Liquefied petroleum gases (LPG),0
2017,Austria,Diesel,175590
2017,Austria,Natural Gas,114
2017,Austria,Electricity,5433
2017,Austria,Alternative Energy,5868
2017,Austria,Petrol (excluding hybrids),163701
2017,Austria,Hybrid electric-petrol,6529
2017,Austria,Plug-in hybrid petrol-electric,1632
2017,Austria,Diesel (excluding hybrids),175458
2017,Austria,Hybrid diesel-electric,43
2017,Austria,Plug-in hybrid diesel-electric,89
2017,Austria,Hydrogen and fuel cells,0
2017,Austria,Bioethanol,0
2017,Austria,Biodiesel,0
2017,Austria,Bi-fuel,321
2017,Austria,Other,0
2017,Poland,Petroleum products,719727
2017,Poland,Liquefied petroleum gases (LPG),104376
2017,Poland,Diesel,500112
2017,Poland,Natural Gas,313
2017,Poland,Electricity,12179
2017,Poland,Alternative Energy,116948
2017,Poland,Petrol (excluding hybrids),719727
2017,Poland,Hybrid electric-petrol,0
2017,Poland,Plug-in hybrid petrol-electric,0
2017,Poland,Diesel (excluding hybrids),500112
2017,Poland,Hybrid diesel-electric,0
2017,Poland,Plug-in hybrid diesel-electric,0
2017,Poland,Hydrogen and fuel cells,36
2017,Poland,Bioethanol,11
2017,Poland,Biodiesel,0
2017,Poland,Bi-fuel,0
2017,Poland,Other,33
2017,Portugal,Petroleum products,78675
2017,Portugal,Liquefied petroleum gases (LPG),1795
2017,Portugal,Diesel,139106
2017,Portugal,Natural Gas,7
2017,Portugal,Electricity,1912
2017,Portugal,Alternative Energy,6248
2017,Portugal,Petrol (excluding hybrids),74356
2017,Portugal,Hybrid electric-petrol,4319
2017,Portugal,Plug-in hybrid petrol-electric,0
2017,Portugal,Diesel (excluding hybrids),138712
2017,Portugal,Hybrid diesel-electric,394
2017,Portugal,Plug-in hybrid diesel-electric,0
2017,Portugal,Hydrogen and fuel cells,0
2017,Portugal,Bioethanol,0
2017,Portugal,Biodiesel,0
2017,Portugal,Bi-fuel,0
2017,Portugal,Other,2534
2017,Romania,Petroleum products,199463
2017,Romania,Liquefied petroleum gases (LPG),1464
2017,Romania,Diesel,422731
2017,Romania,Natural Gas,424
2017,Romania,Electricity,3652
2017,Romania,Alternative Energy,5549
2017,Romania,Petrol (excluding hybrids),0
2017,Romania,Hybrid electric-petrol,0
2017,Romania,Plug-in hybrid petrol-electric,0
2017,Romania,Diesel (excluding hybrids),0
2017,Romania,Hybrid diesel-electric,0
2017,Romania,Plug-in hybrid diesel-electric,0
2017,Romania,Hydrogen and fuel cells,0
2017,Romania,Bioethanol,0
2017,Romania,Biodiesel,0
2017,Romania,Bi-fuel,0
2017,Romania,Other,9
2017,Slovenia,Petroleum products,38229
2017,Slovenia,Liquefied petroleum gases (LPG),335
2017,Slovenia,Diesel,32410
2017,Slovenia,Natural Gas,43
2017,Slovenia,Electricity,297
2017,Slovenia,Alternative Energy,1838
2017,Slovenia,Petrol (excluding hybrids),38229
2017,Slovenia,Hybrid electric-petrol,0
2017,Slovenia,Plug-in hybrid petrol-electric,0
2017,Slovenia,Diesel (excluding hybrids),32410
2017,Slovenia,Hybrid diesel-electric,0
2017,Slovenia,Plug-in hybrid diesel-electric,0
2017,Slovenia,Hydrogen and fuel cells,0
2017,Slovenia,Bioethanol,0
2017,Slovenia,Biodiesel,0
2017,Slovenia,Bi-fuel,0
2017,Slovenia,Other,1163
2017,Finland,Petroleum products,81435
2017,Finland,Liquefied petroleum gases (LPG),0
2017,Finland,Diesel,36216
2017,Finland,Natural Gas,65
2017,Finland,Electricity,502
2017,Finland,Alternative Energy,936
2017,Finland,Petrol (excluding hybrids),70522
2017,Finland,Hybrid electric-petrol,8512
2017,Finland,Plug-in hybrid petrol-electric,2401
2017,Finland,Diesel (excluding hybrids),36062
2017,Finland,Hybrid diesel-electric,2
2017,Finland,Plug-in hybrid diesel-electric,152
2017,Finland,Hydrogen and fuel cells,0
2017,Finland,Bioethanol,1
2017,Finland,Biodiesel,0
2017,Finland,Bi-fuel,368
2017,Finland,Other,0
2017,Sweden,Petroleum products,191048
2017,Sweden,Liquefied petroleum gases (LPG),0
2017,Sweden,Diesel,192191
2017,Sweden,Natural Gas,781
2017,Sweden,Electricity,4359
2017,Sweden,Alternative Energy,9477
2017,Sweden,Petrol (excluding hybrids),157794
2017,Sweden,Hybrid electric-petrol,18380
2017,Sweden,Plug-in hybrid petrol-electric,14874
2017,Sweden,Diesel (excluding hybrids),191059
2017,Sweden,Hybrid diesel-electric,17
2017,Sweden,Plug-in hybrid diesel-electric,1115
2017,Sweden,Hydrogen and fuel cells,14
2017,Sweden,Bioethanol,0
2017,Sweden,Biodiesel,0
2017,Sweden,Bi-fuel,3190
2017,Sweden,Other,1133
2017,United Kingdom,Petroleum products,1446500
2017,United Kingdom,Liquefied petroleum gases (LPG),0
2017,United Kingdom,Diesel,1049086
2017,United Kingdom,Natural Gas,3
2017,United Kingdom,Electricity,13727
2017,United Kingdom,Alternative Energy,13744
2017,United Kingdom,Petrol (excluding hybrids),1342152
2017,United Kingdom,Hybrid electric-petrol,70123
2017,United Kingdom,Plug-in hybrid petrol-electric,34225
2017,United Kingdom,Diesel (excluding hybrids),1047685
2017,United Kingdom,Hybrid diesel-electric,783
2017,United Kingdom,Plug-in hybrid diesel-electric,618
2017,United Kingdom,Hydrogen and fuel cells,35
2017,United Kingdom,Bioethanol,0
2017,United Kingdom,Biodiesel,0
2017,United Kingdom,Bi-fuel,11
2017,United Kingdom,Other,3
2017,Liechtenstein,Petroleum products,0
2017,Liechtenstein,Liquefied petroleum gases (LPG),0
2017,Liechtenstein,Diesel,0
2017,Liechtenstein,Natural Gas,0
2017,Liechtenstein,Electricity,0
2017,Liechtenstein,Alternative Energy,0
2017,Liechtenstein,Petrol (excluding hybrids),0
2017,Liechtenstein,Hybrid electric-petrol,0
2017,Liechtenstein,Plug-in hybrid petrol-electric,0
2017,Liechtenstein,Diesel (excluding hybrids),0
2017,Liechtenstein,Hybrid diesel-electric,0
2017,Liechtenstein,Plug-in hybrid diesel-electric,0
2017,Liechtenstein,Hydrogen and fuel cells,0
2017,Liechtenstein,Bioethanol,0
2017,Liechtenstein,Biodiesel,0
2017,Liechtenstein,Bi-fuel,0
2017,Liechtenstein,Other,0
2017,Norway,Petroleum products,95077
2017,Norway,Liquefied petroleum gases (LPG),0
2017,Norway,Diesel,46970
2017,Norway,Natural Gas,37
2017,Norway,Electricity,41583
2017,Norway,Alternative Energy,41681
2017,Norway,Petrol (excluding hybrids),43093
2017,Norway,Hybrid electric-petrol,21105
2017,Norway,Plug-in hybrid petrol-electric,30879
2017,Norway,Diesel (excluding hybrids),44349
2017,Norway,Hybrid diesel-electric,30
2017,Norway,Plug-in hybrid diesel-electric,2591
2017,Norway,Hydrogen and fuel cells,56
2017,Norway,Bioethanol,0
2017,Norway,Biodiesel,0
2017,Norway,Bi-fuel,0
2017,Norway,Other,5
2017,Switzerland,Petroleum products,195200
2017,Switzerland,Liquefied petroleum gases (LPG),0
2017,Switzerland,Diesel,114100
2017,Switzerland,Natural Gas,100
2017,Switzerland,Electricity,4900
2017,Switzerland,Alternative Energy,5700
2017,Switzerland,Petrol (excluding hybrids),183600
2017,Switzerland,Hybrid electric-petrol,11600
2017,Switzerland,Plug-in hybrid petrol-electric,0
2017,Switzerland,Diesel (excluding hybrids),113800
2017,Switzerland,Hybrid diesel-electric,300
2017,Switzerland,Plug-in hybrid diesel-electric,0
2017,Switzerland,Hydrogen and fuel cells,0
2017,Switzerland,Bioethanol,0
2017,Switzerland,Biodiesel,0
2017,Switzerland,Bi-fuel,600
2017,Switzerland,Other,100
2017,North Macedonia,Petroleum products,0
2017,North Macedonia,Liquefied petroleum gases (LPG),0
2017,North Macedonia,Diesel,0
2017,North Macedonia,Natural Gas,0
2017,North Macedonia,Electricity,0
2017,North Macedonia,Alternative Energy,0
2017,North Macedonia,Petrol (excluding hybrids),0
2017,North Macedonia,Hybrid electric-petrol,0
2017,North Macedonia,Plug-in hybrid petrol-electric,0
2017,North Macedonia,Diesel (excluding hybrids),0
2017,North Macedonia,Hybrid diesel-electric,0
2017,North Macedonia,Plug-in hybrid diesel-electric,0
2017,North Macedonia,Hydrogen and fuel cells,0
2017,North Macedonia,Bioethanol,0
2017,North Macedonia,Biodiesel,0
2017,North Macedonia,Bi-fuel,0
2017,North Macedonia,Other,0
2017,Turkey,Petroleum products,259325
2017,Turkey,Liquefied petroleum gases (LPG),25391
2017,Turkey,Diesel,457069
2017,Turkey,Natural Gas,0
2017,Turkey,Electricity,117
2017,Turkey,Alternative Energy,25508
2017,Turkey,Petrol (excluding hybrids),258940
2017,Turkey,Hybrid electric-petrol,385
2017,Turkey,Plug-in hybrid petrol-electric,0
2017,Turkey,Diesel (excluding hybrids),457060
2017,Turkey,Hybrid diesel-electric,9
2017,Turkey,Plug-in hybrid diesel-electric,0
2017,Turkey,Hydrogen and fuel cells,0
2017,Turkey,Bioethanol,0
2017,Turkey,Biodiesel,0
2017,Turkey,Bi-fuel,0
2017,Turkey,Other,0
